"","","Mr. Garrison:","Cartman:","Kenny:","Kyle:","Stan:","Mr. Mackey:","Sharon:","Randy:","Liane:","Gerald:","Chef:","Jesus:","Jimbo:","Mayor:","Wendy:","Reporter:","Shelly:","Skyler:","Butters:","All others"
"[ ]",0,1,3,0,0,2,0,0,1,0,0,0,0,0,0,0,0,0,1,0,7
"[ boys",11,2,4,4,6,11,1,1,2,1,1,2,0,0,0,0,0,4,0,1,9
"[ camera",3,1,4,1,1,2,1,0,0,0,1,0,0,0,0,0,0,0,0,0,8
"[ camera zooms",1,0,1,1,1,1,0,0,0,0,0,0,0,0,0,0,0,0,0,0,1
"[ crowd",0,0,2,0,0,1,0,0,1,0,0,0,2,1,1,1,0,0,0,0,13
"[ door",1,2,2,0,0,1,1,0,1,0,1,0,0,0,0,0,0,0,0,0,6
"[ girls",0,0,2,1,2,0,0,1,0,0,0,0,0,0,0,1,0,0,0,0,7
"[ kids",1,1,3,0,0,1,0,0,0,0,0,0,0,0,0,0,0,0,0,1,14
"[ others",1,0,2,2,1,4,0,1,0,1,0,0,0,0,0,0,0,0,0,0,7
"[approaches",0,2,1,0,0,1,0,0,1,0,1,1,0,0,0,0,0,0,0,0,5
"[begins",0,0,4,1,2,1,0,0,0,0,0,1,0,0,0,0,0,0,0,0,6
"[cartman",28,2,2,1,13,6,1,0,0,2,1,0,0,1,0,4,0,5,1,1,42
"[closes",0,0,1,1,0,1,1,0,0,0,0,0,0,0,0,1,0,0,0,0,8
"[craig",3,0,2,0,3,1,4,0,0,0,0,0,0,0,0,0,0,0,0,0,7
"[draws",0,1,1,1,2,0,0,0,0,0,0,0,0,0,0,0,0,0,1,1,0
"[enters",0,1,3,0,0,0,0,0,0,1,0,0,0,1,0,0,0,1,0,1,7
"[enters]",0,0,1,0,2,3,0,0,1,1,0,0,0,0,0,0,0,1,0,0,1
"[everyone",1,1,1,0,1,0,0,0,0,0,0,1,0,0,0,0,0,0,0,0,4
"[exits",0,0,0,1,0,0,0,1,1,1,0,0,0,1,0,0,0,0,0,0,4
"[gets",0,2,3,2,1,2,0,1,5,1,0,1,3,0,0,0,0,0,0,0,10
"[goes",0,0,7,2,1,2,0,0,1,0,0,0,1,1,1,0,0,0,1,0,5
"[grabs",0,2,1,0,0,1,0,0,2,0,0,0,0,0,0,0,0,0,1,0,9
"[hands",0,1,1,0,0,2,1,0,0,0,2,0,0,2,0,0,0,0,0,2,12
"[holds",0,1,1,0,0,0,0,0,0,1,0,0,0,0,0,0,1,0,0,1,19
"[hops",0,0,5,0,2,4,0,0,0,0,0,0,0,0,0,2,0,1,0,1,5
"[jumps",0,0,2,2,0,0,0,0,1,0,1,0,0,1,0,0,0,0,0,0,5
"[kenny",11,1,11,0,12,6,0,0,0,0,0,0,0,0,0,0,0,0,0,0,30
"[kyle",4,0,7,3,1,9,0,2,0,0,5,1,0,0,0,0,0,2,0,1,14
"[leads",0,0,1,0,0,1,1,1,0,0,0,1,0,0,0,1,0,0,0,0,9
"[looks",0,3,8,7,6,7,0,2,3,0,1,1,0,0,0,5,0,0,0,0,21
"[looks ]",0,0,1,1,2,1,0,0,0,0,0,1,0,0,0,0,0,0,0,0,3
"[moves",0,0,11,0,1,2,1,0,0,0,2,1,0,0,0,0,0,0,2,0,9
"[mr",12,1,0,0,0,2,2,0,0,1,1,1,0,0,1,0,1,0,0,1,9
"[now",0,1,2,0,0,2,0,0,1,0,0,0,0,1,0,0,0,1,0,0,15
"[opens",0,0,3,0,0,2,1,0,1,2,0,2,0,1,0,0,0,1,1,0,12
"[opens door",0,0,2,0,0,1,0,0,1,0,0,1,0,0,0,0,0,1,1,0,2
"[picks",0,0,3,0,2,0,0,0,0,0,2,1,0,0,0,0,0,1,1,0,14
"[points",0,4,3,0,1,2,0,0,1,1,0,3,0,1,1,0,0,1,1,0,17
"[pulls",0,2,6,3,0,2,0,0,0,0,0,0,0,0,0,0,0,0,0,1,14
"[puts",0,1,0,0,1,0,0,0,0,0,1,1,0,0,0,0,0,0,0,1,5
"[raises",0,1,1,1,0,2,1,0,1,0,0,1,0,0,1,0,0,0,0,0,2
"[randy",1,0,1,0,0,4,0,3,0,0,1,1,0,3,0,0,0,0,0,0,10
"[reaches",0,0,2,1,0,1,0,0,0,0,0,1,0,0,0,1,0,0,1,0,5
"[reads",0,1,1,1,0,1,0,0,0,0,0,0,0,0,1,0,0,0,0,0,2
"[returns",0,1,1,0,1,0,0,0,0,0,0,1,0,0,0,0,0,0,1,0,2
"[runs",0,4,9,0,3,3,0,0,1,0,1,0,0,0,0,0,1,0,0,1,6
"[rushes",0,2,4,3,3,5,0,0,1,1,0,2,0,0,0,1,0,0,1,0,6
"[rushes ]",0,1,1,1,1,1,0,0,0,1,0,2,0,0,0,0,0,0,0,0,1
"[sees",0,1,6,0,1,6,0,0,0,0,0,2,0,0,0,0,0,0,1,0,7
"[shows",0,1,3,0,2,2,0,0,5,0,0,1,0,0,1,0,0,0,0,0,8
"[sits",0,3,2,1,1,0,0,0,0,0,0,1,0,1,0,0,0,0,0,0,5
"[stan",10,2,17,2,4,0,2,3,6,2,0,1,0,1,0,1,1,5,0,1,31
"[stan kyle",3,1,8,2,0,0,1,1,0,0,0,0,0,1,0,1,0,0,0,0,14
"[stands",0,0,1,1,1,0,0,0,0,1,0,1,0,0,0,0,0,0,0,0,4
"[starts",0,2,7,0,1,1,0,1,0,0,0,0,0,0,0,1,0,1,0,1,3
"[steps",0,4,2,0,3,2,0,0,0,0,0,0,1,0,0,2,0,0,0,1,9
"[takes",0,0,13,1,1,4,0,0,1,0,0,0,0,1,0,1,0,1,0,0,15
"[throws",0,1,5,0,2,0,0,0,1,0,0,1,0,0,0,0,0,0,0,0,3
"[tosses",0,1,8,2,1,0,0,1,0,0,0,0,0,0,0,0,0,1,1,0,2
"[turns",0,5,19,1,9,4,0,2,3,1,2,1,1,1,1,2,0,1,2,0,41
"[two",1,0,1,1,1,0,0,0,0,1,0,0,0,0,1,0,0,0,0,0,10
"[walks",0,1,22,4,5,16,5,0,6,3,2,0,0,4,0,1,0,3,0,4,44
"[walks ]",0,0,3,0,1,2,0,0,2,2,2,0,0,2,0,1,0,0,0,1,10
"[walks away",0,1,1,1,0,3,2,0,0,0,0,0,0,0,0,0,0,0,0,0,6
"[walks away]",0,0,3,1,0,2,0,0,2,0,0,0,0,0,0,0,0,1,0,1,4
"] [",107,1,0,1,0,1,0,0,1,1,0,0,0,0,1,0,0,1,0,0,12
"] come",0,0,1,0,1,1,1,1,0,0,0,0,0,1,0,0,0,0,1,0,3
"] go",0,1,0,0,1,2,0,0,0,0,1,0,0,0,0,1,0,0,0,0,2
"] hey",0,1,5,3,1,2,0,0,1,0,1,0,0,0,0,0,0,0,0,2,8
"] just",0,1,2,0,1,0,3,1,1,0,0,0,0,0,0,0,1,0,0,0,1
"] now",0,2,1,0,0,1,0,0,2,0,0,0,0,0,1,0,0,0,0,0,5
"] oh",0,3,11,1,3,4,0,2,0,0,2,1,0,2,0,0,0,0,0,0,35
"] okay",0,2,1,1,0,2,0,0,0,0,0,1,0,0,0,1,0,0,0,0,6
"] uh",0,1,3,1,0,1,2,0,1,0,0,0,1,0,0,0,0,0,0,1,7
"] well",0,2,4,1,1,0,0,1,2,0,1,1,0,0,0,0,0,0,0,0,15
"] yeah",0,0,1,1,1,5,0,0,0,0,1,0,0,1,0,0,0,0,0,2,8
"] yes",0,2,8,0,1,0,1,1,0,1,0,1,0,0,0,0,0,0,0,0,6
"accept",0,0,1,0,1,1,0,0,0,0,0,1,0,1,0,0,0,0,0,0,1
"across",8,0,3,0,0,2,1,0,0,0,0,0,0,0,0,0,1,0,0,1,11
"act",21,0,3,0,0,1,0,0,0,0,0,0,0,1,0,0,0,0,0,1,6
"action",6,0,1,0,1,0,1,1,0,0,0,0,0,0,0,0,1,0,1,0,14
"actually",0,0,1,0,1,4,0,1,0,1,1,3,0,1,0,1,0,0,0,0,13
"add",1,0,1,0,0,2,1,0,0,0,0,1,0,0,0,0,0,0,0,0,3
"adler",8,0,1,1,1,1,0,0,0,0,0,0,0,0,0,0,0,0,0,0,3
"adults",5,0,0,0,1,4,0,2,1,0,1,0,0,0,0,0,0,0,0,2,5
"afraid",0,0,3,1,0,0,2,0,0,0,0,1,1,0,2,0,0,0,0,0,16
"age",1,1,0,0,0,2,1,0,1,0,0,1,0,0,0,0,0,1,0,0,2
"agents",12,2,4,2,1,0,0,0,0,0,0,0,0,0,0,0,0,0,0,0,22
"ago",0,0,1,0,1,3,0,0,0,0,0,1,0,0,0,0,2,0,0,1,8
"ahead",1,4,2,0,0,2,1,0,0,1,0,0,0,0,0,1,0,0,0,0,8
"ain",0,1,2,0,0,1,0,0,0,0,0,2,0,2,0,0,0,0,0,5,11
"ain t",0,1,2,0,0,1,0,0,0,0,0,2,0,2,0,0,0,0,0,5,11
"air",3,2,1,0,1,1,0,0,0,0,0,0,1,0,0,1,0,0,0,0,10
"almost",0,0,2,0,1,2,0,0,0,0,0,3,0,0,0,0,0,1,1,0,3
"alone",5,0,3,0,1,1,0,1,1,0,0,0,0,0,1,0,0,0,0,0,7
"along",9,2,1,0,1,1,0,0,1,0,0,0,0,0,0,0,1,0,0,0,13
"already",3,1,2,1,2,2,2,0,1,0,0,0,0,0,1,0,0,0,0,1,14
"alright",0,4,15,2,7,23,2,0,7,2,0,8,1,2,3,0,0,1,0,3,91
"alright alright",0,1,1,0,1,4,0,0,2,0,0,0,0,0,0,0,0,0,0,0,1
"always",0,1,6,0,8,2,1,0,1,0,2,0,0,1,0,1,0,0,1,1,12
"amazing",0,0,1,0,1,2,0,1,1,0,0,3,1,0,0,0,0,1,0,0,7
"america",2,1,3,0,0,2,0,0,0,0,0,0,0,0,0,0,1,0,0,0,13
"amid",1,1,1,0,1,0,0,0,0,0,0,0,0,1,0,0,0,0,0,0,4
"angels",1,0,2,0,0,4,0,0,0,0,0,0,1,0,0,0,0,0,0,7,7
"angry",2,1,1,0,0,2,0,0,0,0,0,0,0,0,1,0,0,0,0,0,9
"another",8,3,15,0,3,6,0,0,5,1,2,1,0,0,1,0,0,0,0,0,52
"answer",1,2,1,0,1,2,0,1,1,0,1,0,2,0,2,0,0,1,1,0,9
"anybody",0,1,1,0,3,1,1,0,4,0,1,0,0,0,0,0,0,0,0,0,9
"anymore",1,3,5,0,5,5,0,0,1,0,0,1,0,1,0,0,0,0,0,0,4
"anyone",0,2,1,0,1,2,1,0,0,0,2,1,0,0,0,0,0,0,0,0,4
"anything",1,3,7,0,2,6,1,1,6,0,1,2,0,3,0,1,0,1,1,0,17
"anyway",1,2,2,0,1,1,0,0,0,0,0,0,0,0,0,0,0,0,0,1,5
"appear",6,1,3,0,1,0,0,0,1,0,0,0,1,0,0,0,0,0,1,0,9
"appears",6,0,2,0,2,5,1,1,0,1,0,1,2,0,0,0,0,0,0,0,17
"approaches",9,1,3,1,1,0,0,0,1,0,0,0,1,0,0,1,0,0,0,0,2
"arm",3,2,0,1,1,0,0,0,0,0,0,0,0,1,1,0,0,0,0,0,5
"arms",4,0,3,0,1,0,0,0,2,0,0,0,0,0,0,0,0,0,1,0,8
"around",25,11,21,6,7,9,0,3,4,2,0,2,0,3,0,1,0,0,1,2,78
"around ]",2,1,2,1,1,1,0,0,0,0,0,0,0,0,0,0,0,0,0,0,2
"around]",3,0,9,2,0,2,0,0,1,0,1,0,0,0,0,0,0,0,0,0,15
"ask",0,1,3,0,2,1,2,1,0,0,0,2,0,0,1,0,0,0,0,0,8
"ass",1,7,25,1,12,15,2,1,1,0,1,2,0,1,0,0,0,2,0,2,43
"asses",1,1,0,0,0,1,0,0,1,0,0,1,0,0,0,0,0,0,0,0,5
"asshole",0,0,11,0,1,1,0,0,0,0,0,0,0,0,0,0,1,0,1,0,2
"atf",4,0,0,1,0,1,0,0,0,0,0,0,0,0,0,0,5,0,0,1,4
"attention",2,4,2,0,3,1,1,2,2,0,0,2,1,0,1,0,0,0,0,0,22
"audience",2,1,1,0,0,0,0,0,2,0,0,0,0,0,2,0,0,0,0,0,15
"away",15,2,23,6,5,20,2,0,6,0,2,6,3,3,2,6,1,1,1,2,81
"away ]",1,0,5,1,0,1,0,0,0,0,0,1,0,0,0,0,0,0,0,1,4
"away]",2,5,18,6,8,9,0,2,6,0,0,1,1,1,0,1,0,1,1,1,64
"baby",2,1,2,1,5,1,0,0,0,1,0,10,0,0,0,0,0,0,0,0,33
"back",25,6,49,7,12,28,6,2,8,1,3,3,4,1,2,3,2,5,0,2,122
"back]",0,1,5,3,6,2,0,0,1,0,2,0,0,1,0,0,0,0,2,0,11
"bad",1,0,22,0,3,5,2,2,1,1,0,1,0,0,0,1,0,0,0,0,13
"ball",3,3,0,0,1,1,0,0,0,0,0,1,0,0,0,0,0,0,0,0,13
"band",12,1,15,0,3,8,0,1,5,0,1,1,2,0,0,0,0,1,5,0,41
"bands",1,0,2,0,1,0,0,0,0,0,0,2,0,0,0,0,0,0,1,0,3
"barbrady",4,1,1,1,0,2,0,0,0,0,0,0,0,0,2,0,0,0,0,1,3
"bastard",0,2,1,0,2,0,0,0,0,0,0,1,0,1,0,0,0,0,0,0,2
"bastards",0,3,0,0,6,2,0,0,1,0,0,1,0,0,0,0,1,0,0,0,9
"battle",3,0,2,0,1,1,0,1,1,1,0,0,0,0,0,0,0,0,1,0,10
"bear",5,0,4,5,0,1,0,0,1,0,3,0,0,0,0,0,0,0,1,0,43
"bears",1,0,0,0,1,1,0,0,0,1,0,0,0,0,0,0,0,1,0,0,1
"beat",1,0,3,0,1,0,0,0,0,0,0,0,0,0,0,1,0,0,1,0,8
"become",0,1,3,0,1,0,0,1,1,0,0,0,0,0,0,0,0,0,0,0,7
"bed",15,4,6,2,0,6,0,1,2,2,0,0,0,0,0,1,0,0,0,0,9
"bedroom",7,1,0,0,0,1,0,0,0,0,1,0,0,0,0,0,0,0,0,1,4
"bee",2,0,2,0,0,0,0,0,0,2,0,0,0,1,1,0,0,0,0,0,1
"begin",5,0,1,0,2,2,0,0,1,0,0,1,0,0,1,1,2,1,0,0,22
"begins",8,2,5,1,4,1,1,1,2,0,0,0,0,0,0,1,1,0,0,0,24
"behind",22,2,8,0,9,6,2,0,1,3,1,2,0,2,0,3,1,0,0,0,44
"believe",0,1,7,0,6,2,0,0,2,0,1,0,2,1,0,2,1,1,0,0,18
"bell",14,2,2,2,0,1,0,0,1,0,0,0,0,3,0,0,0,0,0,0,9
"bench",5,0,1,0,2,0,0,1,0,0,0,0,0,0,0,0,0,0,0,1,4
"best",0,1,1,0,0,8,2,2,5,3,0,0,1,1,1,0,0,0,1,1,14
"bet",0,2,5,0,3,2,0,1,2,0,1,1,0,4,0,0,0,0,0,2,6
"better",1,4,10,0,5,10,0,1,3,0,1,2,0,1,2,0,0,0,0,2,32
"big",4,1,14,1,5,9,0,1,0,2,5,0,2,2,1,0,1,0,3,1,40
"bit",0,0,7,2,1,3,0,0,0,0,1,1,0,0,0,0,0,0,0,0,13
"bitch",0,1,16,0,4,6,1,0,0,0,0,0,0,1,0,0,0,0,2,2,12
"black",0,0,2,1,2,0,0,0,0,0,0,5,0,0,5,0,0,0,0,0,11
"block",0,2,1,0,1,0,0,0,1,0,1,0,0,0,0,0,0,0,0,0,1
"blood",1,0,2,1,1,2,0,0,0,0,0,0,0,1,0,1,0,0,0,0,5
"board",8,3,1,0,0,0,1,0,0,0,0,0,0,0,0,0,0,0,0,1,8
"body",0,2,6,4,2,5,0,1,0,0,0,0,0,0,0,0,0,1,0,0,19
"book",5,5,3,3,3,3,0,0,1,0,0,0,0,0,0,0,0,0,0,0,23
"book]",0,1,2,2,1,2,0,0,2,0,0,0,0,0,0,0,0,0,0,0,1
"books",5,0,1,1,1,1,0,0,0,0,0,1,0,0,0,0,0,0,0,0,1
"bowl",2,0,1,0,2,0,0,1,0,0,0,0,0,0,0,1,0,0,0,0,7
"box",8,0,10,0,0,1,0,0,0,2,0,0,0,5,0,0,0,0,0,2,21
"boy",4,3,14,2,8,14,1,1,7,0,1,3,0,2,3,0,0,0,0,1,69
"boy band",1,0,8,0,2,4,0,1,5,0,0,1,0,0,0,0,0,0,0,0,5
"boys",75,6,12,7,13,19,8,3,12,4,4,7,0,2,1,0,0,5,0,1,108
"boys walk",3,1,1,0,1,1,0,0,0,0,0,1,0,0,0,0,0,0,0,0,1
"boys]",0,0,0,0,0,3,0,0,0,0,2,0,0,1,0,0,0,1,0,1,4
"bring",2,0,8,0,1,1,0,2,2,0,1,1,2,2,1,1,1,0,0,0,18
"broflovski",6,2,1,1,2,2,0,0,0,0,0,0,0,0,1,0,2,0,0,0,10
"brother",0,1,4,0,3,2,0,0,0,0,2,0,0,0,1,0,0,0,0,0,12
"brown",3,0,6,0,2,2,0,0,0,0,0,0,0,0,1,0,0,0,0,0,10
"bunch",1,0,1,0,0,3,0,0,0,0,0,0,0,0,0,0,1,0,0,2,4
"bus",14,5,4,1,0,9,1,0,0,0,0,0,0,2,0,0,0,0,0,0,6
"butt",1,2,1,0,1,0,1,0,0,0,0,0,0,0,0,0,0,0,0,0,3
"butters",16,1,12,0,0,22,2,0,0,0,0,0,0,0,0,0,0,0,0,2,4
"button",0,0,4,0,1,2,0,0,0,1,0,0,0,0,0,0,0,0,1,0,11
"buy",3,0,10,0,1,1,0,0,2,0,1,0,0,1,0,0,0,0,1,1,31
"cake",1,1,1,0,3,2,0,0,0,0,0,0,0,0,0,0,0,0,0,0,6
"call",0,1,20,0,1,4,0,1,1,0,4,1,0,0,0,0,2,0,0,0,18
"called",2,1,3,0,3,2,1,0,0,0,3,1,0,0,0,0,0,0,0,0,15
"calm",0,0,4,0,1,0,0,1,0,1,0,0,1,0,0,0,0,0,0,0,4
"came",0,2,3,0,1,3,1,0,3,0,1,2,1,1,0,0,0,0,0,2,11
"camera",17,1,15,2,1,2,1,0,1,0,1,0,0,0,0,0,0,0,0,0,17
"camera zooms",4,0,1,1,1,1,0,0,0,0,0,0,0,0,0,0,0,0,0,0,1
"camp",9,1,1,2,2,2,0,0,0,1,0,0,0,0,0,0,0,0,0,0,7
"can",8,17,64,5,35,38,3,4,7,1,8,15,5,11,3,3,1,3,2,5,171
"can come",0,1,1,0,1,1,0,1,0,0,1,0,1,1,0,0,0,1,0,0,3
"can go",0,1,2,0,2,3,0,0,2,0,0,0,0,0,0,0,0,0,0,1,6
"can help",0,1,1,0,0,1,0,0,0,0,0,2,1,0,0,0,0,0,0,0,11
"can just",0,0,1,0,1,0,1,1,0,0,0,1,0,0,0,0,0,0,0,0,3
"can say",0,0,1,0,1,0,1,0,0,0,1,0,0,1,0,0,0,0,0,0,1
"can see",1,0,2,0,1,2,0,0,0,0,1,0,0,0,0,0,0,0,0,1,7
"can tell",0,5,1,0,0,1,0,0,0,0,0,0,0,1,0,0,0,0,0,1,6
"care",0,1,5,1,2,6,1,0,0,0,1,0,1,0,1,0,0,1,0,0,14
"carrying",2,1,1,0,0,0,0,0,0,0,0,0,0,1,1,0,0,0,0,0,5
"cartman",141,4,60,11,66,96,5,0,2,3,2,3,0,2,3,14,0,4,3,4,81
"cartman s",8,0,9,0,6,10,0,0,0,0,1,1,0,2,0,1,0,2,0,1,8
"cartman]",4,0,5,2,6,3,0,0,0,3,1,1,0,1,0,2,0,1,0,0,19
"case",1,4,4,0,1,0,0,0,0,0,0,0,0,3,1,2,1,0,0,0,9
"cat",2,0,4,0,1,0,0,0,0,1,0,0,0,0,0,0,0,2,0,0,7
"catch",1,0,1,1,1,2,0,0,0,0,0,0,0,0,0,1,0,0,0,0,7
"cause",0,0,9,1,5,5,0,0,3,0,1,2,1,1,0,2,0,2,0,5,23
"chair",5,2,10,0,1,0,2,0,0,0,0,0,0,0,3,0,0,0,0,1,9
"chance",1,0,2,0,1,3,1,0,0,0,0,2,0,0,0,0,0,0,0,0,11
"change",2,0,1,0,2,2,0,0,0,0,3,9,0,7,0,4,0,0,0,0,9
"check",4,0,2,1,2,0,0,0,0,0,0,0,0,0,0,0,0,0,4,0,1
"chef",22,3,13,1,16,31,0,0,2,0,0,8,0,7,3,1,0,0,0,0,33
"chef s",8,1,1,0,0,3,0,0,0,0,0,2,0,0,0,0,0,0,0,0,4
"cheville",4,0,0,0,1,1,0,1,1,0,0,0,0,0,0,0,0,0,0,0,1
"child",3,0,3,0,0,0,0,1,0,1,0,1,0,0,0,0,0,0,0,0,18
"children",4,25,1,0,5,0,0,1,0,1,1,43,2,0,4,0,3,0,0,0,69
"chinpokomon",9,0,13,0,7,13,0,2,2,1,0,0,0,0,0,0,0,0,0,1,29
"choir",7,5,1,0,0,2,5,0,4,0,0,0,0,0,0,0,0,0,1,0,13
"christ",0,2,7,1,3,4,0,0,0,0,0,0,0,0,2,1,0,1,0,0,12
"christmas",7,9,12,0,0,2,0,0,0,0,0,0,1,0,0,0,0,15,0,0,25
"cirque",0,0,1,0,2,2,0,1,1,0,0,0,0,0,0,0,0,0,0,0,1
"cirque du",0,0,1,0,1,2,0,1,1,0,0,0,0,0,0,0,0,0,0,0,1
"civil",0,0,1,0,2,1,0,0,0,0,0,0,0,3,1,0,0,0,0,0,2
"class",23,14,5,2,1,0,0,0,0,0,0,0,0,0,0,1,0,0,0,0,22
"clear",1,2,1,0,0,1,0,0,0,0,0,2,0,1,1,0,0,0,0,0,7
"clock",1,0,1,0,0,1,0,0,1,1,0,0,0,0,0,0,0,0,0,0,1
"close",1,1,4,1,0,1,0,0,0,1,1,0,0,1,0,0,0,1,0,0,11
"closes",3,0,2,0,1,3,1,0,2,1,0,1,2,1,0,0,0,0,0,1,11
"closes door]",1,0,2,0,1,0,1,0,0,1,0,0,1,0,0,0,0,0,0,1,3
"clothes",1,0,2,0,0,2,0,0,1,0,0,1,0,0,0,0,0,0,1,1,6
"clyde",6,1,18,1,3,1,0,0,0,0,0,0,0,0,0,0,0,0,0,3,3
"collins",4,0,2,0,4,4,0,0,0,0,0,3,0,0,0,0,0,0,3,0,13
"come",10,8,55,5,23,54,7,7,8,8,6,7,5,12,4,2,1,7,6,8,128
"come back",0,0,2,0,2,4,0,0,1,1,0,1,0,0,0,0,0,0,0,0,1
"come go",0,0,2,0,1,0,0,0,0,1,1,0,0,0,1,0,0,0,0,0,2
"come guys",0,0,7,0,1,3,0,0,0,0,1,0,0,1,0,0,0,0,0,0,2
"come see",0,0,1,1,1,0,0,0,0,0,0,0,0,1,0,0,0,1,0,0,5
"comes",14,2,13,3,5,4,1,0,0,1,0,1,1,3,0,1,0,0,0,0,30
"coming",1,1,4,0,1,2,0,0,0,0,2,1,1,0,0,1,2,1,0,0,13
"concert",6,3,2,0,0,1,0,0,1,0,0,1,1,0,0,0,0,0,0,0,6
"confederate",3,0,1,0,0,1,0,0,2,0,0,0,0,3,0,0,0,0,0,1,1
"continues",10,0,2,0,0,1,0,0,2,0,0,0,0,0,0,0,0,0,0,1,8
"cool",1,0,35,2,9,16,0,1,1,0,0,2,0,0,0,1,0,1,0,0,21
"costume",4,2,5,3,3,3,0,0,0,0,0,0,0,0,0,0,0,0,0,0,2
"cotswolds",9,0,0,0,1,0,0,0,1,0,1,0,0,4,3,0,0,0,0,0,4
"country",1,3,2,0,0,2,0,1,1,0,0,2,0,0,0,0,3,0,0,0,21
"couple",3,0,3,2,0,1,0,0,0,0,0,0,0,0,0,0,3,0,0,0,4
"course",0,1,7,0,1,1,1,3,3,0,1,2,0,0,2,0,0,0,0,0,16
"cover",2,0,3,1,1,1,0,0,0,1,0,1,0,0,0,0,0,1,0,0,3
"craig",23,2,29,1,8,11,2,0,0,0,1,1,0,0,0,0,0,0,0,0,9
"craig s",2,1,1,0,1,0,0,0,0,0,1,1,0,0,0,0,0,0,0,0,0
"crap",0,3,7,0,3,3,0,0,1,0,0,0,0,0,0,0,0,0,0,0,9
"crazy",0,1,2,0,0,0,0,0,1,0,1,1,0,1,0,0,0,0,0,0,4
"creature",0,0,2,0,1,1,0,0,0,0,0,0,0,1,2,0,0,0,0,0,6
"crime",1,0,3,0,2,3,0,0,0,0,3,0,0,0,0,0,0,0,0,0,8
"cross",9,0,3,0,2,6,0,0,0,0,0,3,1,0,0,0,0,0,0,0,7
"crowd",18,0,5,0,0,3,0,1,2,0,0,0,5,1,3,1,0,0,0,0,23
"cut",0,1,5,0,0,1,0,0,0,0,0,1,0,1,0,0,0,0,0,0,11
"dad",3,14,0,1,25,38,0,2,4,0,2,1,2,0,0,0,3,2,0,0,13
"dammit",0,1,0,1,2,5,0,0,0,0,0,1,0,0,0,0,0,0,0,0,3
"damn",0,0,5,3,1,5,0,0,1,0,1,6,0,0,0,0,0,0,0,0,17
"damnit",0,3,21,1,5,6,0,0,0,0,0,2,0,1,0,0,0,0,1,0,11
"dance",10,0,1,0,8,2,0,0,1,0,0,0,0,1,0,0,0,0,0,0,17
"day",98,4,11,0,0,3,2,0,2,0,0,4,0,0,0,0,0,13,0,0,30
"days",5,0,6,0,1,2,0,1,0,1,1,0,0,0,0,0,1,1,0,0,14
"dead",0,0,6,1,6,4,0,0,2,0,0,0,0,3,0,0,0,2,0,1,17
"deal",0,0,1,0,1,5,0,1,1,0,0,0,0,0,0,0,0,1,3,0,5
"dear",0,0,4,1,0,2,0,1,0,1,0,0,0,0,0,0,0,0,0,1,15
"debate",1,0,1,0,2,2,0,0,0,0,0,0,0,1,0,4,3,0,0,0,9
"denver",3,0,1,0,0,1,0,0,2,0,0,0,0,1,0,0,0,0,0,0,5
"die",0,1,5,1,6,11,0,0,0,0,0,0,0,0,0,1,0,0,0,1,11
"different",2,2,1,0,0,5,1,0,1,1,1,0,0,0,0,0,0,0,0,1,7
"doctor",6,0,6,0,0,5,0,0,0,2,0,4,0,0,0,0,0,0,0,0,15
"doin",0,0,0,0,1,1,0,0,0,0,0,5,0,1,0,0,0,1,0,3,5
"dollars",0,0,12,1,2,4,0,0,0,0,1,1,0,0,0,0,1,0,0,0,8
"done",0,3,3,0,0,4,0,0,0,1,0,1,0,1,1,0,0,1,0,0,11
"door",28,4,29,1,2,11,4,1,3,2,1,4,1,2,1,0,1,6,3,1,62
"door ]",2,0,3,0,0,1,0,1,0,0,0,1,0,0,1,0,0,0,0,0,3
"door]",4,1,13,0,3,3,3,0,2,3,0,3,1,2,0,0,0,4,3,1,22
"doorbell",1,0,1,1,1,0,0,0,0,0,0,0,0,0,0,0,0,1,0,0,5
"doors",7,0,3,1,0,2,0,0,1,0,0,2,0,0,0,0,0,0,0,0,11
"dream",1,0,1,0,1,0,0,1,0,0,0,1,0,0,0,0,0,0,0,0,2
"dressed",10,1,2,0,1,1,0,1,1,1,0,0,0,1,0,0,1,0,0,0,9
"drink",1,1,2,2,2,2,0,1,3,1,0,3,0,0,0,0,0,0,0,0,7
"drops",6,1,4,1,0,0,0,1,0,1,0,1,0,0,0,0,0,0,0,0,15
"drunk",1,1,0,0,1,1,0,1,0,0,0,0,0,0,0,0,0,0,0,0,2
"du cheville",4,0,0,0,1,1,0,1,1,0,0,0,0,0,0,0,0,0,0,0,1
"dude",0,0,33,2,68,106,0,0,0,0,0,0,0,0,0,0,0,0,3,0,12
"earth",4,0,3,0,4,2,0,0,2,0,0,0,1,0,0,0,2,0,0,1,13
"effects",1,0,0,0,1,1,0,0,0,1,0,1,0,0,0,0,0,0,0,0,1
"eight",4,0,4,0,1,3,0,0,0,0,0,0,0,0,0,0,0,1,0,0,7
"either",4,0,3,1,2,0,0,0,0,0,0,2,0,0,1,0,0,0,0,0,9
"elementary",38,1,0,0,1,0,0,0,0,0,1,0,0,0,2,0,1,0,0,0,5
"else",1,0,7,0,6,13,0,0,6,0,0,3,0,0,0,0,1,0,0,1,16
"empty",2,1,1,0,2,0,0,0,0,0,1,1,0,1,0,0,0,0,0,0,2
"end",5,1,0,0,1,1,0,0,1,0,1,0,1,1,2,0,0,0,0,0,17
"enough",1,2,2,1,3,2,1,1,1,0,0,1,0,2,1,0,0,0,0,1,20
"enter",7,1,2,1,1,1,0,0,0,0,0,1,0,0,1,0,0,0,0,0,20
"enter]",2,0,1,0,0,1,2,1,0,0,0,1,0,0,0,0,0,0,0,0,6
"enters",8,1,4,0,0,0,1,0,0,1,0,1,0,0,0,0,0,1,0,0,8
"enters]",7,1,3,0,0,1,0,0,0,0,0,0,0,0,0,0,0,0,1,0,5
"entire",2,0,0,1,1,0,0,1,0,0,0,0,0,2,1,0,0,0,0,0,8
"eric",2,7,5,0,0,0,4,2,0,33,3,7,0,1,6,0,0,4,0,0,39
"eve",3,0,4,0,0,4,0,0,0,0,0,0,1,1,0,0,0,0,0,0,6
"even",0,1,5,1,8,10,0,1,5,0,1,5,0,0,0,0,0,0,0,1,16
"even know",0,0,2,0,2,4,0,0,1,0,0,1,0,0,0,0,0,0,0,0,2
"ever",1,2,5,0,4,8,0,1,2,0,0,3,2,3,0,0,0,1,0,0,18
"every",1,4,8,0,2,3,2,1,1,0,0,2,3,1,0,0,2,1,0,0,21
"everybody",0,1,10,0,5,8,1,1,3,0,2,1,1,3,2,0,0,0,0,1,18
"everyone",10,1,3,1,7,7,1,1,4,0,3,2,1,3,3,0,7,0,1,1,51
"everything",1,0,5,1,2,4,0,0,6,1,1,3,2,1,0,0,0,1,0,0,21
"evil",1,2,2,0,1,3,0,0,0,0,0,0,0,1,0,0,0,0,0,0,10
"exactly",0,0,1,0,1,0,2,0,4,0,0,0,0,0,1,0,1,0,0,0,6
"excuse",0,2,3,0,0,2,1,0,0,0,0,1,0,0,0,1,1,0,0,0,9
"exit]",2,0,0,1,1,1,0,0,0,0,0,1,0,0,0,0,0,0,1,0,0
"expect",0,0,2,0,1,0,0,0,1,0,0,0,0,2,0,0,0,0,1,1,3
"explain",0,0,1,0,1,1,0,0,1,0,1,0,0,0,0,0,0,0,0,0,6
"eyes",6,2,10,0,2,4,0,0,1,0,0,0,1,1,2,4,0,0,0,1,25
"eyes]",0,0,5,0,0,1,1,0,1,0,0,0,0,0,1,0,0,0,0,1,6
"face",8,5,14,2,5,4,2,1,2,1,3,2,0,0,1,1,0,1,0,2,36
"face ]",1,0,2,0,0,1,0,0,0,1,1,1,0,0,0,0,0,0,0,0,10
"face]",0,0,2,1,1,2,0,0,0,0,0,0,0,1,0,0,0,0,0,0,7
"faces",2,1,2,0,1,2,0,0,0,0,0,1,0,0,0,0,0,1,1,0,5
"fact",0,0,1,0,0,1,0,0,1,0,1,1,0,1,1,0,0,0,0,0,3
"fairy",3,0,13,0,3,2,0,0,0,3,0,0,0,0,0,0,0,0,0,2,8
"fall",2,0,2,1,0,2,0,0,1,1,0,1,0,0,0,0,0,0,0,0,11
"falls",4,0,6,2,0,2,0,0,0,1,0,1,0,1,1,0,0,0,0,0,11
"family",5,0,6,1,3,0,3,0,2,0,1,1,0,0,1,0,0,0,0,0,12
"far",0,0,2,0,1,0,1,0,0,0,0,0,0,1,0,0,1,1,0,0,3
"fat",1,0,10,1,8,9,0,0,0,2,0,0,0,0,0,0,0,0,0,1,11
"father",3,4,1,0,0,0,5,1,0,0,1,1,12,0,0,0,2,0,0,2,25
"favorite",0,0,1,0,0,1,0,0,0,0,0,1,0,0,0,1,0,0,0,1,3
"feel",0,2,5,0,3,1,0,1,6,0,1,0,2,0,0,0,0,1,0,0,16
"feeling",1,0,0,0,0,1,0,0,1,0,0,0,0,0,0,1,0,0,0,1,3
"fifth",1,1,1,0,1,10,0,0,0,0,0,0,0,0,0,0,0,0,0,0,2
"fight",0,0,12,0,7,9,0,0,0,0,0,0,0,1,0,0,0,0,0,1,25
"fighting",1,0,2,0,1,2,1,0,0,0,0,0,0,0,0,0,0,0,0,0,12
"figure",0,0,1,0,0,1,0,0,3,0,0,1,0,0,1,0,0,1,0,0,5
"finally",2,0,6,0,0,4,0,0,0,0,0,0,0,0,1,0,1,0,0,0,11
"find",2,1,10,2,3,11,2,2,3,1,0,5,1,1,3,0,0,0,1,1,32
"fine",0,0,23,2,2,1,2,1,0,1,0,4,0,1,2,0,0,0,0,0,28
"finger",1,1,3,1,0,0,2,0,1,0,0,0,0,0,0,0,0,0,0,2,10
"fire",4,0,2,0,3,1,0,0,1,0,0,1,1,2,0,0,1,0,0,1,13
"first",10,1,12,0,2,5,0,0,1,0,1,0,1,1,5,3,0,1,0,1,34
"five",6,0,2,0,3,2,0,0,1,0,0,1,1,0,1,0,1,0,0,0,5
"flag",8,0,0,0,1,3,0,0,1,0,0,22,0,6,8,5,2,0,1,0,18
"flies",3,0,0,0,1,0,0,0,1,0,0,1,0,0,0,0,1,0,0,0,8
"flips",1,0,1,0,2,0,1,0,0,0,0,0,0,0,0,1,0,0,0,0,8
"floor]",2,0,2,0,1,0,0,0,1,1,0,0,0,0,0,0,0,0,0,0,3
"follow",3,0,0,0,0,2,0,0,1,0,0,0,2,0,0,0,0,0,0,1,13
"follows",2,0,1,0,2,2,0,0,0,0,0,1,0,1,0,0,0,0,0,0,6
"follows]",1,0,1,0,1,1,0,0,0,1,0,0,0,0,0,0,0,0,0,0,2
"food",0,0,3,0,1,2,0,0,2,0,0,1,0,0,0,1,0,1,0,0,10
"forever",0,2,2,0,1,0,0,0,0,0,0,1,0,0,0,1,0,0,0,0,8
"form",2,0,0,0,2,1,0,0,1,0,0,0,0,1,0,0,0,0,0,0,7
"forward",3,0,6,1,0,3,0,0,2,0,0,0,1,1,0,0,0,0,0,0,11
"forward]",0,0,2,0,3,1,0,0,0,0,0,0,0,0,0,0,0,0,1,2,8
"found",1,0,6,0,0,3,0,0,3,0,0,0,0,1,1,0,0,0,0,1,13
"four",12,0,5,0,4,1,1,0,1,0,1,0,1,0,0,0,0,0,0,0,22
"friend",0,1,11,0,4,11,0,0,0,1,0,0,0,0,0,0,0,0,0,0,14
"friends",3,0,24,0,0,10,1,0,2,3,3,3,0,1,0,0,0,2,0,1,15
"front",51,3,16,1,5,5,1,1,3,2,1,1,0,1,1,0,3,0,1,0,38
"front door",9,0,4,0,0,1,0,1,0,1,0,1,0,0,0,0,0,0,0,0,6
"fuck",0,0,1,9,2,1,0,0,0,0,0,0,0,0,0,1,0,0,0,0,3
"full",4,2,2,0,0,0,0,0,1,0,0,1,0,0,0,1,0,3,0,0,10
"fun",0,0,4,0,6,1,0,2,1,0,2,2,0,1,0,0,0,0,0,3,12
"funny",0,1,9,0,1,3,0,1,2,2,1,0,0,0,0,1,0,0,0,0,12
"game",5,1,9,0,1,4,0,0,0,0,0,0,0,1,2,0,0,0,0,1,10
"garrison",39,4,5,0,6,3,18,1,2,0,1,1,0,0,3,0,1,0,0,0,29
"gas",1,0,2,0,0,0,2,0,6,0,0,1,0,0,0,0,0,0,0,0,4
"gay",1,2,6,1,3,3,2,0,6,0,0,0,0,1,0,0,0,0,0,0,25
"general",1,0,2,0,0,1,0,0,0,0,1,0,0,7,0,0,0,0,0,1,1
"gentlemen",0,1,7,0,0,0,0,0,0,0,1,0,1,0,3,0,0,0,0,0,14
"gerald",23,0,2,0,0,0,0,1,1,0,0,0,0,2,0,0,2,0,0,0,8
"get",11,10,82,11,47,55,6,7,11,4,4,13,4,9,6,1,0,9,4,9,151
"get back",0,2,1,1,0,5,0,0,1,0,0,0,0,0,0,0,0,2,0,0,5
"gets",6,0,5,2,3,7,1,0,1,1,0,1,0,1,1,2,0,1,3,0,31
"getting",2,3,5,2,5,3,2,0,1,0,0,1,0,0,1,0,0,0,0,0,28
"girl",2,0,7,0,1,1,0,0,3,0,0,1,0,0,0,1,0,0,0,0,24
"girlfriend",0,0,2,0,3,1,0,0,4,0,0,3,0,0,0,0,0,0,0,0,2
"girls",5,0,9,2,5,8,0,2,5,0,1,4,0,0,0,1,3,0,0,1,43
"give",1,2,13,1,10,11,0,0,2,2,1,1,1,1,1,1,0,2,2,1,43
"gives",2,0,4,0,0,1,0,0,0,0,0,0,0,0,1,0,0,0,0,1,4
"giving",1,1,3,0,0,0,1,0,0,0,0,1,0,0,0,0,0,0,0,0,5
"glad",0,0,1,0,1,1,0,0,1,0,0,1,1,0,0,1,0,0,0,1,8
"glass",2,0,1,0,2,2,0,0,1,1,0,0,0,0,0,0,0,0,0,0,0
"go [",0,0,1,0,2,3,0,1,1,0,0,0,0,0,0,0,0,0,0,0,4
"go ahead",0,4,1,0,0,2,1,0,0,1,0,0,0,0,0,1,0,0,0,0,5
"go back",1,0,4,0,2,1,1,1,1,0,0,0,0,0,0,0,0,1,0,0,7
"go get",0,0,1,1,1,2,0,1,1,0,1,1,0,0,1,0,0,0,0,0,8
"go see",0,0,1,0,3,3,1,1,0,0,0,2,0,0,0,0,0,0,0,0,1
"god",1,5,59,5,10,26,0,1,4,0,2,6,10,2,0,3,0,0,2,2,73
"god-damned",0,0,7,1,1,0,0,0,0,0,0,0,0,1,1,0,0,0,0,0,8
"god-damnit",0,1,8,0,2,1,0,0,0,0,0,0,0,1,0,0,0,0,0,0,4
"goes",9,1,9,3,3,8,0,0,1,0,3,2,0,0,2,1,0,2,1,1,40
"goes ]",1,0,1,1,0,1,0,0,0,0,0,0,0,0,0,0,0,1,0,0,2
"goin",0,2,5,0,0,2,0,0,0,0,0,1,0,2,0,0,0,0,1,1,10
"going",2,6,32,2,6,18,0,2,1,2,1,4,5,1,1,1,0,1,1,0,72
"gone",4,0,1,1,0,2,0,2,0,0,0,3,0,1,1,0,0,1,0,0,6
"gonna",0,13,71,4,29,61,5,2,9,2,4,6,1,8,0,1,0,3,2,12,103
"gonna get",0,0,5,0,4,2,0,0,0,0,0,0,0,1,0,0,0,2,1,1,6
"good",3,8,19,4,9,10,3,2,6,3,3,1,1,4,1,4,0,0,0,3,77
"got",4,5,38,6,25,32,3,0,2,5,1,10,3,9,4,1,0,4,1,7,98
"gotta",1,0,5,8,9,14,0,0,1,1,0,1,0,4,0,0,0,0,2,5,12
"gotta get",1,0,1,2,3,4,0,0,0,0,0,1,0,0,0,0,0,0,0,1,1
"government",1,0,2,0,1,3,0,0,0,0,0,0,0,2,0,0,1,0,0,0,14
"grab",0,2,2,0,0,2,0,0,0,0,1,0,0,1,0,0,0,0,0,0,8
"grandpa",4,0,0,1,1,3,0,0,0,0,0,0,0,1,0,0,0,0,0,0,4
"great",1,4,5,1,4,6,3,2,4,0,2,2,1,2,1,1,0,0,0,1,43
"ground",4,0,2,0,1,1,0,1,0,0,0,0,0,0,0,0,0,0,0,0,6
"group",14,1,4,0,2,5,0,0,1,0,1,0,0,1,0,0,3,0,0,0,28
"guard",1,0,4,0,0,3,0,0,1,0,0,0,0,1,0,0,1,0,0,0,4
"guess",0,6,17,0,6,10,2,2,2,0,1,0,0,3,1,0,0,1,0,3,23
"gun",1,1,2,0,1,0,0,0,0,0,0,0,0,1,1,0,0,0,0,0,15
"guy",0,1,10,0,4,1,0,0,3,0,2,1,0,0,1,0,1,0,0,0,10
"guys",2,2,152,19,11,29,1,0,5,0,2,1,0,2,0,1,0,1,2,4,43
"hair",4,0,2,1,1,1,0,0,0,0,0,0,0,0,0,2,0,0,0,0,18
"half",0,0,1,1,0,3,0,0,0,0,1,1,0,0,0,0,0,1,0,0,7
"halloween",1,0,2,0,1,4,0,1,0,1,1,0,0,0,0,0,0,0,0,0,17
"hand",4,11,6,1,5,3,2,0,0,0,0,1,0,0,2,1,0,1,0,2,35
"hand]",3,2,2,2,0,2,0,2,1,1,0,0,1,0,0,0,0,0,0,1,10
"hands",8,0,5,0,1,2,1,0,1,0,0,0,0,0,4,2,0,2,0,2,26
"hang",1,1,7,0,0,6,0,0,1,0,0,0,0,0,1,0,0,0,0,2,2
"happen",1,1,1,0,1,1,0,0,1,0,0,0,1,0,0,0,0,0,0,0,14
"happened",0,0,7,0,2,4,0,0,2,0,1,0,0,0,1,0,0,0,0,1,11
"happening",1,0,0,1,2,2,0,1,0,0,0,0,0,0,0,2,0,0,0,0,4
"happens",0,0,1,0,1,1,1,0,0,0,0,0,1,0,0,0,0,0,0,0,4
"happy",3,1,0,0,2,0,0,0,1,0,0,1,0,1,2,0,0,0,0,0,16
"harassment",1,7,2,0,1,6,0,0,0,0,10,1,0,0,0,0,2,0,0,0,21
"harassment panda",1,3,1,0,1,5,0,0,0,0,2,0,0,0,0,0,0,0,0,0,7
"hard",0,1,7,0,3,3,1,1,1,1,0,0,0,0,2,0,0,0,0,0,15
"hat",3,21,5,0,0,2,6,0,0,0,0,0,0,0,0,0,0,0,0,0,7
"hate",1,0,29,0,4,7,0,0,2,0,1,0,1,1,0,0,0,0,0,2,23
"head",21,5,14,6,2,7,1,3,3,0,1,2,1,1,0,2,0,2,1,1,55
"head ]",0,1,1,0,0,1,0,1,0,0,0,1,0,0,0,0,0,0,0,0,3
"heads",4,1,5,1,1,2,0,1,0,0,0,1,0,0,0,2,0,0,0,0,19
"hear",1,4,8,0,2,3,0,0,1,0,1,0,0,2,2,0,0,0,0,0,18
"heard",13,4,7,0,2,2,0,0,2,0,0,1,0,1,0,0,1,0,0,0,24
"heart",2,0,1,0,0,1,0,0,1,0,0,0,1,0,0,0,0,0,0,0,10
"heat",1,0,1,0,0,0,0,0,1,2,0,1,0,0,0,0,0,0,0,0,1
"heh",0,0,26,0,0,1,0,0,1,0,0,1,0,0,0,0,0,0,0,1,8
"hell",1,6,30,1,17,20,0,1,4,0,0,3,0,4,0,0,0,1,3,1,38
"hello",0,1,4,1,1,3,2,1,1,1,2,9,1,2,1,0,0,0,0,0,53
"help",1,4,14,2,5,12,1,0,2,2,1,4,1,1,0,0,0,1,1,0,50
"hey",0,5,43,17,25,19,0,0,9,0,9,1,1,8,0,2,0,2,5,8,75
"hey guys",0,1,8,7,1,2,0,0,1,0,0,0,0,0,0,0,0,0,0,0,3
"high",5,0,1,0,2,0,0,0,2,0,0,0,0,1,0,1,1,0,1,0,14
"hill",8,0,3,1,2,1,0,0,0,0,0,0,0,1,0,0,0,0,0,1,7
"history",0,2,1,0,3,1,1,0,0,1,0,0,0,9,0,3,1,0,0,0,8
"hoh",0,1,3,1,7,1,0,0,0,0,0,0,1,1,0,0,0,0,0,1,3
"hold",2,0,7,0,1,3,1,0,0,0,0,2,0,1,1,0,1,1,0,1,36
"holds",3,0,2,0,1,1,0,1,1,0,0,0,0,0,0,0,0,0,0,0,23
"holy",1,0,6,0,1,1,0,0,0,0,0,0,2,1,0,0,0,0,0,1,5
"home",10,4,19,1,6,9,0,2,1,2,1,0,0,1,2,2,1,3,2,0,25
"home-schooled",0,0,4,0,1,2,0,0,0,0,0,0,0,1,1,0,0,0,0,1,3
"hope",1,3,8,0,0,0,1,1,0,0,0,1,0,0,2,1,0,0,0,2,17
"hops",2,0,4,0,4,0,1,1,0,0,0,0,0,0,0,1,0,0,0,0,14
"hot",7,2,2,0,1,1,3,0,6,0,7,0,0,0,0,0,0,0,2,0,10
"hours",4,0,1,0,1,2,0,0,0,0,0,0,1,0,1,0,2,2,0,1,7
"house",133,1,5,1,6,6,0,3,2,0,2,0,0,2,0,1,6,2,1,0,30
"house]",6,1,0,0,0,1,0,0,1,1,0,0,0,0,1,0,0,0,0,0,3
"huge",3,1,2,2,4,0,0,0,1,0,0,0,0,0,0,0,0,0,0,0,5
"huh",0,2,23,10,11,10,0,0,6,0,4,1,1,5,0,1,1,1,2,13,48
"huh-",0,0,1,0,0,1,1,0,0,0,0,0,1,0,0,0,0,0,1,1,0
"hurt",0,0,2,0,0,1,0,0,2,0,2,1,0,0,0,0,0,0,0,0,5
"ice",1,0,2,0,0,0,0,0,0,0,1,1,0,0,1,0,0,0,0,0,2
"idea",1,1,5,0,2,5,0,1,2,0,0,0,0,0,0,0,0,0,0,1,10
"important",0,1,4,0,1,1,1,1,0,1,0,1,0,0,0,0,0,0,0,0,7
"inside",29,1,3,0,4,3,0,0,0,0,0,0,0,0,0,0,8,1,0,1,20
"interesting",0,0,4,0,0,1,0,0,1,0,1,0,0,0,2,0,0,0,0,0,2
"jakov",8,0,13,0,0,1,0,0,3,0,1,0,0,0,5,0,0,0,0,0,9
"jakovasaurs",11,1,1,0,0,1,1,0,1,0,0,0,0,1,8,0,0,0,0,0,4
"jesus",5,4,18,0,9,18,0,0,0,0,0,0,4,1,2,2,0,0,0,3,54
"jesus christ",0,1,4,0,3,4,0,0,0,0,0,0,0,0,1,0,0,0,0,0,9
"jew",4,0,1,0,1,0,0,0,0,0,3,0,0,1,0,0,0,0,0,0,14
"jimbo",11,1,0,0,0,2,0,0,1,0,0,2,0,2,1,0,1,0,0,0,7
"job",0,1,2,0,1,4,0,0,1,0,0,0,0,0,0,0,0,0,0,0,15
"join",1,0,5,0,0,0,1,0,1,0,1,1,0,2,0,0,0,0,0,0,15
"jumps",2,0,3,0,0,0,0,1,1,0,1,0,1,0,0,0,0,0,0,0,7
"just",4,22,72,4,44,51,11,6,21,8,11,8,6,7,10,5,9,5,3,4,186
"just go",0,2,1,0,1,1,1,0,0,0,0,0,0,0,0,1,0,0,0,0,0
"just like",0,1,4,0,2,1,0,1,1,0,0,0,0,0,1,0,0,0,0,0,9
"keep",5,2,6,1,4,4,0,0,2,0,0,2,0,3,1,0,0,1,0,1,22
"kenny",73,4,76,19,35,36,1,1,6,0,1,0,0,2,0,1,0,0,0,0,129
"kenny s",11,0,9,2,2,2,0,0,0,0,1,0,0,0,0,0,0,0,0,0,13
"kick",1,1,13,0,3,2,1,1,1,0,0,0,0,1,0,0,0,0,0,1,9
"kick ass",0,1,3,0,3,1,1,0,1,0,0,0,0,0,0,0,0,0,0,0,5
"kicked",0,0,1,0,1,1,0,0,2,0,0,0,0,1,0,0,0,0,0,1,0
"kid",3,2,4,0,4,16,0,0,3,0,0,0,0,2,1,0,0,0,0,3,36
"kid s",0,0,1,0,1,5,0,0,1,0,0,0,0,0,0,0,0,0,0,1,7
"kids",33,5,12,0,2,16,8,2,5,2,2,2,0,2,0,0,1,0,0,2,96
"kill",0,1,4,0,2,2,1,0,0,0,0,0,0,1,0,0,0,0,0,0,19
"killed",0,0,1,0,1,11,0,0,0,0,0,1,0,0,0,0,2,1,0,0,9
"killing",1,0,1,1,2,0,0,0,0,0,0,1,0,0,0,0,0,0,0,0,2
"kind",0,0,10,0,1,2,1,1,1,0,0,0,0,0,0,0,0,3,1,0,19
"kinda",0,0,1,0,1,0,1,0,1,0,0,0,1,0,0,0,0,0,0,0,4
"kiss",1,1,0,0,2,0,0,0,0,0,0,1,0,0,0,1,0,1,3,0,4
"knew",0,1,3,0,2,2,1,0,2,0,0,1,0,0,0,0,0,1,0,0,7
"know",3,27,58,5,28,42,7,9,21,0,14,8,1,4,4,2,0,5,3,5,161
"known",0,0,1,0,1,0,0,1,2,0,0,1,0,0,0,0,1,0,1,0,4
"korn",5,1,0,0,0,2,0,0,1,0,1,2,0,0,0,0,0,0,0,0,12
"kyle",102,7,53,13,4,50,2,6,5,3,20,3,0,3,1,3,3,3,0,2,105
"kyle cartman",5,0,1,0,0,1,1,0,1,0,0,0,0,0,0,0,0,0,0,0,5
"kyle kenny",18,0,0,1,0,1,1,1,1,0,0,0,0,1,0,1,0,0,0,0,4
"kyle look",1,1,3,1,0,1,0,1,0,0,0,1,0,0,0,0,0,0,0,0,7
"kyle s",15,1,7,1,1,7,0,1,0,0,2,1,0,0,0,1,3,0,0,1,8
"kyle]",0,0,7,0,1,12,0,0,0,0,0,1,0,0,0,0,0,0,0,1,4
"ladies",0,0,1,1,0,1,0,0,0,0,1,0,1,0,0,0,0,0,0,0,6
"lady",0,0,2,0,1,1,0,0,1,0,0,0,0,0,0,0,0,0,0,1,5
"land",1,0,1,0,1,0,0,1,0,0,0,0,0,1,0,0,0,0,0,0,5
"lands",3,0,1,3,1,1,0,0,0,0,0,0,0,2,0,0,0,0,0,0,13
"large",10,1,0,0,1,0,0,0,1,0,0,0,1,1,0,0,0,0,0,0,20
"last",3,5,8,0,4,3,3,2,2,0,1,0,0,2,0,1,2,1,0,0,28
"last night",0,2,2,0,0,1,2,0,1,0,0,0,0,0,0,0,0,0,0,0,4
"last time",1,1,1,0,1,0,0,0,0,0,0,0,0,0,0,1,0,0,0,0,2
"late",1,1,0,1,0,0,1,1,0,0,2,0,0,0,0,0,0,0,0,0,5
"later",43,0,9,0,0,2,0,0,0,1,0,0,0,0,0,1,0,0,0,0,12
"laugh",0,0,7,3,0,6,0,0,0,1,0,0,0,0,0,0,0,0,0,1,15
"lawsuits",0,1,0,0,1,1,0,0,0,0,1,0,0,0,0,0,1,0,0,0,3
"lead",3,0,1,0,0,1,0,0,0,0,0,0,0,0,1,0,0,0,0,1,7
"leader",6,0,3,0,1,2,0,0,0,0,0,0,0,0,0,0,0,0,1,0,16
"learn",1,3,1,0,0,2,1,0,0,2,0,0,1,0,0,0,0,0,0,0,13
"learned",0,0,0,0,4,6,1,0,0,0,1,1,0,0,2,0,0,0,0,0,6
"least",1,0,2,0,3,1,0,1,0,1,0,1,0,1,0,0,1,0,0,0,7
"leave",3,3,6,1,1,9,1,1,1,1,1,0,1,0,4,0,0,0,0,0,30
"leave]",1,0,2,1,3,3,0,0,0,0,0,0,0,0,0,0,0,0,2,1,12
"leaves",3,1,4,3,0,1,0,0,1,2,0,0,0,0,0,0,0,0,0,0,18
"leaving",0,1,2,0,1,1,0,0,2,1,0,0,0,0,0,0,0,0,0,1,11
"left",20,3,15,3,2,6,0,1,5,0,1,2,2,1,2,1,0,1,0,4,30
"left]",4,1,1,0,1,0,0,0,0,0,0,0,0,0,0,0,0,0,0,1,6
"let",1,3,18,2,4,7,2,1,2,0,5,3,9,2,1,2,0,2,1,2,56
"life",0,3,6,0,2,6,2,0,1,0,0,5,2,1,0,0,0,1,0,0,21
"light",3,0,1,0,5,0,0,0,0,0,0,0,3,0,0,0,0,0,2,0,11
"like",6,11,71,4,17,28,1,6,13,1,4,5,4,6,2,5,2,3,1,2,164
"lips",0,1,0,0,3,0,0,0,0,0,0,0,0,0,0,1,0,2,2,0,1
"listen",0,0,9,0,2,3,0,0,1,0,1,1,0,1,0,0,0,1,1,1,8
"little",6,7,28,2,8,6,3,2,6,8,2,10,2,7,8,1,5,3,0,3,128
"little boy",0,2,1,0,0,0,0,0,1,0,0,0,0,0,1,0,0,0,0,1,10
"live",2,1,4,0,4,5,0,0,2,1,1,1,0,1,1,0,4,0,0,0,26
"living",31,0,6,0,0,0,0,1,0,0,0,1,1,0,0,0,0,1,1,0,6
"long",4,0,9,0,2,3,1,1,1,0,0,1,1,0,0,1,0,1,1,0,18
"longer",1,0,3,0,0,0,1,1,0,0,1,1,0,0,0,0,1,0,0,0,4
"look",8,6,42,5,17,18,2,8,4,3,3,6,0,4,2,0,1,0,0,3,138
"look ]",0,0,3,2,3,0,0,0,1,1,0,0,0,0,0,0,0,0,0,1,17
"looking",14,2,8,2,0,2,0,0,2,0,0,0,0,0,0,0,1,1,0,0,16
"looks",26,4,28,8,10,13,6,3,5,3,1,2,0,4,4,7,2,2,3,1,97
"looks ]",2,1,5,1,0,2,2,0,0,1,0,1,0,0,0,0,0,0,0,0,8
"looks like",4,1,5,0,0,3,0,1,1,1,0,0,0,2,0,0,1,1,0,0,19
"lose",0,0,3,0,2,5,2,0,0,0,0,0,0,3,3,0,1,0,0,1,4
"lost",0,0,3,0,2,3,0,0,1,1,0,0,0,2,0,0,0,0,0,0,20
"lot",4,3,1,0,4,6,1,1,0,1,3,1,1,1,3,1,0,0,1,1,18
"lots",0,1,1,0,0,0,0,0,0,0,1,0,0,0,0,0,0,0,1,1,2
"love",2,4,9,1,5,2,2,1,5,0,6,5,2,0,1,0,0,2,3,1,59
"lower",3,2,0,0,1,0,0,0,1,0,0,0,1,0,0,0,0,0,0,0,3
"lowers",1,1,0,2,0,0,1,0,1,0,0,0,0,0,0,0,0,0,0,0,8
"lunch",1,1,0,0,0,2,0,0,0,1,0,1,0,0,0,0,0,0,0,0,1
"mackey",27,7,3,0,1,2,3,1,0,2,0,2,0,0,2,0,0,0,0,1,10
"made",0,3,7,0,16,6,0,3,2,0,0,1,1,1,0,0,1,0,0,0,25
"main",7,0,2,0,2,2,0,0,0,0,0,0,0,0,0,1,0,0,0,0,6
"make",4,2,14,2,11,19,0,2,9,1,5,5,4,1,2,4,1,4,3,0,77
"make sure",1,1,1,0,0,0,0,0,1,1,0,0,0,0,0,0,0,1,0,0,4
"makes",5,2,6,0,2,1,1,1,1,1,0,2,0,0,0,1,0,0,0,1,16
"making",0,1,2,0,2,4,0,0,0,1,1,1,1,0,0,0,1,0,1,0,16
"man",21,6,23,2,7,7,6,0,2,0,0,6,0,9,6,1,1,1,7,0,93
"many",1,0,1,0,2,1,0,0,0,1,0,2,0,0,0,0,0,1,0,0,18
"march",4,0,1,0,0,2,0,1,0,0,0,3,0,0,0,1,0,0,0,0,5
"mark",6,7,1,0,0,4,0,0,0,0,0,0,0,0,4,0,0,1,1,2,21
"marsh",27,1,1,0,0,0,0,0,0,0,0,2,0,1,0,0,0,0,0,0,26
"marvin",4,0,4,0,8,6,0,0,0,0,0,0,0,1,2,0,0,0,0,0,15
"master",1,0,2,0,3,0,0,0,0,0,1,0,0,1,0,0,0,0,0,0,7
"matter",0,0,3,0,2,4,0,1,0,0,0,3,0,0,0,0,1,0,0,0,11
"maxi",0,0,2,0,1,2,0,0,0,0,1,1,0,0,0,0,0,0,0,0,4
"may",1,0,3,0,0,0,2,0,0,0,0,1,1,3,0,1,1,0,0,0,21
"maybe",0,2,19,0,6,7,3,0,5,1,2,0,0,3,0,0,0,1,1,0,21
"mayor",23,2,3,0,0,3,0,0,5,0,0,4,0,3,4,0,2,0,0,0,19
"mean",1,2,22,1,10,13,1,1,10,1,3,0,1,2,0,2,0,1,0,3,30
"means",0,1,7,2,5,7,0,0,0,0,0,0,0,0,0,0,0,0,0,0,15
"meet",2,0,6,0,1,1,0,0,0,0,0,2,1,0,0,1,0,0,0,0,6
"meeting",7,1,1,0,1,1,0,0,1,0,0,0,0,0,0,1,0,0,0,0,3
"members",3,0,4,0,3,0,0,0,2,0,0,0,0,3,0,0,1,0,0,0,30
"men",20,1,6,1,2,3,0,1,6,2,0,1,1,6,0,0,0,0,0,3,47
"meteor",2,0,2,1,2,0,4,1,0,1,1,0,0,0,0,0,2,2,0,0,9
"meteor shower",2,0,2,1,2,0,1,1,0,1,1,0,0,0,0,0,2,2,0,0,9
"mexico",1,0,1,2,1,1,0,0,0,0,0,0,0,0,0,0,0,0,0,0,1
"middle",4,3,0,0,2,0,1,0,0,0,0,1,0,1,0,0,0,0,0,0,3
"might",0,1,4,0,2,3,0,0,1,1,1,2,0,0,0,1,0,0,0,0,14
"million",6,2,6,1,4,2,0,0,0,0,1,0,0,0,0,0,2,0,0,0,13
"mind",3,2,2,0,2,2,0,1,2,1,1,1,0,1,0,0,0,0,0,0,10
"mine",0,0,11,5,1,0,0,0,0,0,0,0,1,0,0,0,0,0,0,1,2
"minute",1,1,5,0,2,3,0,2,0,0,0,1,1,0,0,0,1,0,0,0,4
"miss",5,0,1,0,2,1,1,2,1,0,0,0,0,0,0,0,0,0,1,1,13
"mom",4,6,66,4,12,15,0,0,1,1,1,0,0,0,0,0,0,7,1,1,22
"mom s",0,0,2,0,2,2,0,0,0,0,0,0,0,0,0,0,0,2,1,0,2
"moment",0,0,4,0,1,1,0,0,2,0,1,0,0,0,0,2,1,0,0,0,4
"money",0,0,15,0,5,7,0,0,2,4,7,4,0,0,0,0,0,0,0,1,36
"monkey",2,0,13,3,0,1,0,0,0,4,0,0,0,0,1,0,0,0,0,0,10
"morning",18,1,10,1,2,4,1,0,0,0,0,0,0,0,0,0,1,5,1,0,13
"mother",1,6,8,0,0,0,0,0,0,0,1,0,1,0,0,0,2,0,0,1,28
"mouth",0,1,1,0,4,0,0,1,2,0,2,1,0,0,0,0,0,0,0,0,9
"move",5,1,3,2,4,1,1,1,1,0,1,0,0,1,0,0,0,1,1,0,45
"moves",8,2,6,0,3,2,0,0,2,0,0,0,0,0,0,0,0,2,0,1,30
"mr adler",4,0,1,1,1,1,0,0,0,0,0,0,0,0,0,0,0,0,0,0,3
"mr garrison",25,4,5,0,6,3,15,1,2,0,1,0,0,0,1,0,0,0,0,0,24
"mr mackey",14,6,3,0,1,1,3,1,0,1,0,0,0,0,2,0,0,0,0,1,5
"mrs",8,0,0,1,0,0,2,1,3,0,0,0,0,0,0,0,0,0,1,0,18
"much",4,1,19,0,8,6,0,2,3,1,1,3,1,3,1,0,0,1,1,0,40
"music",17,1,7,1,0,6,0,0,1,0,0,1,0,1,0,4,0,1,0,0,21
"must",1,0,11,0,6,3,2,2,1,1,2,1,0,1,0,1,0,0,0,0,51
"naked",1,1,2,2,0,1,0,0,0,0,0,0,0,0,0,0,0,0,0,0,1
"name",2,1,1,1,1,2,1,0,0,0,1,5,0,1,2,0,0,0,2,0,27
"natural",0,0,0,0,0,1,0,2,1,0,0,0,0,0,1,1,0,0,0,0,5
"need",0,6,20,1,3,8,10,2,1,1,2,3,1,1,0,2,0,2,1,2,57
"never",0,10,13,1,4,12,1,1,4,0,4,3,0,5,0,1,0,0,0,1,33
"new",12,5,11,0,8,26,1,0,7,2,1,1,7,2,3,0,2,0,1,0,81
"new year",3,1,4,0,0,8,0,0,0,0,0,0,5,1,0,0,0,0,0,0,6
"new year s",2,0,4,0,0,6,0,0,0,0,0,0,4,1,0,0,0,0,0,0,6
"news",10,0,2,0,0,3,1,2,2,0,0,1,0,1,0,0,1,0,0,0,9
"next",52,3,15,0,7,5,1,0,3,2,1,3,0,2,3,1,0,0,0,0,49
"nice",0,1,7,0,0,7,0,1,2,1,0,1,0,0,1,1,0,0,0,2,23
"night",53,5,16,0,2,5,2,1,3,3,0,3,3,0,0,0,0,0,2,0,39
"nobody",0,0,2,0,1,4,1,0,2,0,0,1,0,1,0,0,0,2,0,0,12
"normal",2,2,1,0,0,2,0,0,1,0,0,1,0,0,0,1,0,0,0,0,7
"north",3,0,1,0,1,0,0,0,1,0,0,0,0,1,0,0,0,0,0,0,8
"note",1,3,5,1,1,4,0,0,0,0,0,0,0,0,0,0,1,0,0,0,8
"nothin",0,2,2,0,1,1,0,0,0,0,0,2,0,0,0,0,0,0,0,3,2
"nothing",2,2,3,2,7,8,0,1,3,0,4,1,1,1,0,0,0,1,0,0,25
"now",32,21,70,6,23,38,7,6,21,5,3,18,1,15,11,5,7,1,1,9,229
"now can",0,3,3,0,1,2,0,0,0,0,0,1,0,0,1,0,0,0,0,0,7
"now know",2,1,1,0,0,0,0,1,0,0,0,0,0,1,1,0,0,0,0,0,3
"o-kay",0,2,2,0,0,0,0,0,0,0,0,0,0,0,1,0,0,1,1,0,4
"office",22,1,1,0,0,2,1,1,0,0,0,2,0,0,0,1,1,0,0,0,3
"officer",6,1,2,1,0,0,0,0,0,0,0,0,0,1,0,0,0,0,0,0,4
"ogh",0,2,1,0,0,1,0,0,2,0,0,0,0,0,0,0,0,0,1,0,3
"oh [",0,0,0,0,0,2,0,1,1,0,0,0,1,0,1,0,0,0,0,0,4
"oh god",0,0,21,4,6,16,0,1,1,0,2,3,1,0,0,3,0,0,1,0,28
"oh hello",0,0,1,0,0,0,0,0,0,1,1,2,0,1,0,0,0,0,0,0,4
"oh oh",0,2,3,0,0,1,1,0,0,2,0,0,0,0,0,0,0,0,0,0,4
"oh uh",0,0,3,1,0,1,2,0,0,0,1,2,0,0,0,0,0,0,0,1,2
"oh well",0,2,3,0,0,1,0,1,0,0,0,1,1,0,0,0,0,0,0,1,13
"oh yeah",0,2,7,1,3,1,2,0,0,0,0,0,0,1,0,0,0,0,1,0,12
"okay",0,17,54,6,8,29,3,2,5,2,3,4,1,0,4,3,0,3,2,2,83
"old",1,1,5,0,1,1,0,1,3,0,0,1,2,1,0,0,0,0,1,4,15
"one",35,4,43,3,14,22,1,1,8,3,5,4,5,3,7,1,2,4,1,3,159
"one thing",0,0,1,0,1,2,0,0,0,0,1,0,1,0,0,0,0,0,0,0,6
"ones",2,1,3,0,1,1,0,0,0,0,1,0,0,0,0,0,0,0,0,0,4
"onto",3,0,3,2,2,4,0,0,0,1,0,0,0,0,1,0,0,0,0,0,17
"ooh",0,1,1,0,0,1,0,1,1,1,0,2,0,0,2,0,0,0,0,0,6
"open",8,1,11,1,1,4,1,0,1,1,0,2,1,0,0,0,1,1,1,0,22
"opens",13,2,8,0,4,4,2,0,1,0,0,1,0,0,0,0,0,0,0,1,29
"opens door]",1,0,1,0,1,1,0,0,0,0,0,1,0,0,0,0,0,0,0,0,1
"others",10,2,12,3,5,10,0,1,0,2,0,0,0,1,1,0,0,0,0,0,27
"outside",31,0,9,0,4,2,0,0,0,0,0,0,1,0,0,0,0,2,1,1,9
"panda",1,3,2,0,3,10,0,0,0,0,3,0,0,1,0,0,0,0,0,0,44
"pants",2,1,8,0,2,1,0,0,0,0,0,1,3,0,0,0,1,0,2,1,17
"parents",10,2,4,2,4,6,1,0,1,1,0,7,0,0,0,0,0,0,0,1,22
"park",122,2,5,0,1,5,1,0,0,0,1,5,2,5,9,2,7,0,0,0,41
"park elementary",38,1,0,0,1,0,0,0,0,0,1,0,0,0,2,0,1,0,0,0,4
"park flag",1,0,0,0,0,0,0,0,0,0,0,3,0,3,2,2,0,0,0,0,1
"part",5,1,3,0,4,3,0,0,1,1,3,1,0,1,1,1,0,0,0,1,12
"party",5,1,4,0,0,5,3,2,3,3,1,1,2,0,0,0,0,0,0,1,8
"pass",8,1,2,0,1,3,1,1,1,0,0,0,0,1,0,0,1,1,0,0,5
"past",5,0,2,0,1,4,0,1,0,0,0,0,0,1,0,0,0,0,0,0,7
"pay",1,2,4,1,1,1,0,1,1,0,2,2,1,0,0,0,0,0,1,1,6
"people",15,4,25,0,18,17,2,2,7,0,3,5,6,4,13,1,6,1,0,3,90
"period",0,0,7,2,9,10,0,0,0,0,0,1,0,0,0,0,0,0,0,0,2
"person",0,1,1,0,0,6,0,0,2,0,0,0,0,0,0,0,0,0,0,1,13
"phil",2,0,2,0,4,4,0,0,0,0,0,3,0,0,0,0,0,0,3,0,13
"phil collins",2,0,2,0,4,4,0,0,0,0,0,3,0,0,0,0,0,0,3,0,13
"phone",8,0,3,0,1,1,0,0,1,0,0,1,1,1,1,0,0,0,0,0,6
"piano",1,0,1,1,0,0,0,0,0,0,0,0,0,0,0,0,0,1,0,1,3
"pick",2,0,2,1,0,1,0,0,0,0,1,0,0,0,0,0,0,0,0,0,4
"picks",1,0,8,3,0,1,0,0,0,0,0,0,0,0,0,0,0,1,0,0,6
"picture",8,1,7,0,1,2,0,0,1,0,0,0,0,0,0,0,0,2,0,0,20
"pissed",0,0,6,0,3,6,0,0,1,0,0,0,0,0,0,0,0,1,0,0,2
"place",5,1,5,0,3,4,0,0,0,1,0,1,0,0,0,0,0,0,1,1,36
"places",1,0,2,2,0,0,1,0,0,0,0,0,0,0,0,1,0,0,0,0,7
"plan",0,1,1,0,0,1,0,0,0,0,0,0,0,1,0,1,0,0,0,0,9
"planet",0,0,3,0,2,2,0,0,0,0,0,1,0,0,2,0,0,0,0,0,5
"play",10,5,15,2,14,8,0,1,2,3,1,2,1,0,0,0,1,0,0,2,38
"playing",6,1,3,0,3,2,0,0,0,0,0,0,1,0,1,0,0,0,0,0,17
"plays",15,0,1,1,0,2,0,0,0,1,0,0,1,1,0,0,0,0,0,0,10
"please",1,5,20,0,3,15,0,2,3,1,0,0,5,0,2,1,0,0,0,1,46
"point",1,0,0,0,1,1,0,0,2,0,1,1,1,1,1,2,0,0,0,0,6
"poor",0,0,8,1,1,1,0,1,0,0,0,0,0,0,0,0,0,0,0,0,12
"pop",2,1,1,0,0,1,0,0,0,0,0,1,0,0,0,0,0,0,0,0,4
"poster",4,0,1,0,0,0,0,0,1,0,0,0,0,0,0,1,0,0,0,1,7
"pours",4,1,1,0,0,0,0,0,0,0,0,1,0,0,0,0,0,1,0,0,2
"power",1,3,4,0,5,1,0,0,0,0,0,0,0,0,0,0,0,0,0,0,44
"practice",2,1,2,0,1,1,0,0,0,0,0,0,0,0,0,0,0,1,2,0,1
"present",8,1,6,0,1,0,0,0,0,1,0,0,0,0,1,2,1,0,0,0,5
"present]",2,0,1,0,0,1,0,0,0,0,1,1,0,3,0,0,0,0,0,0,2
"president",3,1,2,0,1,2,0,0,0,0,0,0,0,1,0,0,1,0,0,0,6
"press",1,0,1,0,1,0,0,0,0,0,0,0,0,0,1,0,0,1,0,0,1
"pretty",0,0,9,0,7,3,0,1,0,0,0,0,0,1,0,1,0,0,2,0,16
"priest",1,0,1,0,1,1,0,0,0,0,1,0,0,0,0,0,0,0,0,0,5
"principal",4,4,0,0,0,0,1,0,1,0,3,0,0,0,0,0,0,0,0,0,2
"principal victoria",3,1,0,0,0,0,1,0,1,0,2,0,0,0,0,0,0,0,0,0,2
"probably",0,0,1,0,2,0,0,0,0,1,2,0,0,0,0,0,0,0,0,1,6
"problem",0,2,3,0,2,3,4,0,1,0,0,0,0,0,1,0,0,0,0,0,12
"problems",0,1,2,0,1,1,0,0,1,1,1,0,2,0,1,0,0,0,0,0,3
"public",2,0,1,0,5,1,0,0,0,0,2,0,0,0,1,0,1,0,0,0,10
"pulls",6,0,7,1,2,7,0,0,0,0,0,0,0,0,0,0,0,3,0,0,24
"put",0,5,9,0,3,4,1,0,1,1,0,2,1,3,1,0,0,0,0,1,27
"puts",2,0,3,1,1,0,0,1,0,0,0,0,0,0,0,0,0,0,0,0,5
"putting",0,0,3,0,0,2,0,0,0,1,0,0,0,0,0,0,0,1,1,0,2
"question",0,2,2,0,0,4,0,0,0,0,1,0,0,0,2,0,0,0,1,0,7
"quick",1,0,5,0,2,2,0,0,1,0,0,1,0,2,0,1,0,0,0,0,13
"quiet",0,2,1,0,0,3,0,0,0,0,0,1,0,1,1,0,0,0,0,0,7
"quints",3,0,1,0,1,2,0,3,1,0,0,0,0,0,0,0,2,0,0,0,8
"quite",0,0,0,0,1,1,1,0,0,0,0,0,0,0,1,0,1,0,0,1,13
"racist",0,2,0,0,1,0,0,0,1,0,0,6,0,1,2,1,0,0,0,0,8
"rainforest",9,0,1,0,0,3,1,1,0,0,0,0,0,0,0,0,0,0,0,0,41
"raise",0,2,1,0,1,1,0,0,1,0,0,0,0,0,0,0,0,0,0,0,11
"randy",25,1,0,0,0,4,0,10,6,0,4,2,0,5,0,1,0,0,0,0,42
"reaches",2,0,7,1,1,0,0,0,1,0,0,1,0,1,0,0,0,0,0,0,5
"read",0,6,0,0,2,1,0,1,0,1,0,0,0,0,0,0,0,0,1,1,9
"reads",17,2,5,0,1,0,1,0,0,0,0,0,0,0,0,0,0,0,0,1,10
"ready",6,0,8,1,5,7,1,0,1,1,0,0,1,1,3,0,0,0,1,3,24
"real",1,1,3,2,15,4,0,0,0,0,1,1,1,0,0,0,0,0,0,1,10
"realize",0,0,2,0,0,0,0,0,1,1,1,1,0,0,1,0,0,0,0,0,4
"really",2,3,28,5,14,19,0,2,6,1,3,7,1,5,0,1,0,5,1,3,60
"reason",0,0,1,0,2,1,0,0,0,0,1,0,1,0,0,0,1,0,0,0,7
"rebecca",3,4,0,0,9,1,0,0,0,0,0,0,0,0,4,0,0,0,0,0,18
"record",2,0,2,0,0,1,0,0,1,0,0,0,0,0,0,0,0,0,1,0,2
"red",6,1,6,2,0,0,0,0,0,0,0,0,0,0,1,0,0,0,1,0,14
"reenactment",4,0,0,0,1,3,0,0,1,0,1,0,0,6,0,0,0,0,0,0,3
"remember",0,0,5,0,2,0,0,1,0,0,0,1,0,1,2,0,0,0,0,1,21
"rest",2,1,3,0,2,3,0,0,0,0,0,1,0,0,1,0,0,0,0,0,18
"returns",3,0,5,2,1,3,0,0,0,0,0,0,0,0,1,0,0,0,0,0,7
"reveal",3,1,0,0,2,2,0,0,0,0,0,0,0,0,1,0,0,0,0,1,8
"right",20,15,49,0,15,25,2,6,20,4,7,7,2,10,11,1,1,3,4,7,137
"right hand",1,3,2,0,1,0,0,0,0,0,0,0,0,0,0,0,0,0,0,2,1
"right now",0,0,13,0,1,3,0,2,5,1,0,0,0,1,0,0,1,0,0,2,10
"right right",0,0,1,0,1,1,0,0,3,0,0,0,0,0,1,0,0,0,1,0,3
"rings",13,1,0,1,0,2,0,0,0,0,0,0,0,0,1,0,0,0,0,0,4
"rings]",5,1,3,1,1,0,0,0,0,0,0,0,0,0,0,0,0,1,0,0,2
"rises",10,0,2,1,1,0,0,0,0,0,0,0,0,0,1,0,0,1,1,0,7
"ritalin",0,1,1,0,2,1,0,0,0,1,0,8,0,0,0,0,0,0,0,0,6
"rock",1,0,7,2,1,0,0,0,0,0,0,0,1,0,0,0,0,1,0,0,9
"rolls",5,2,3,0,0,1,0,0,0,0,0,0,1,2,0,0,0,0,0,0,9
"romania",1,0,1,0,2,1,0,5,0,0,0,0,0,0,0,0,4,0,0,0,19
"room",75,4,5,1,1,8,2,1,1,0,0,0,1,0,0,0,0,1,1,2,30
"room]",6,0,4,0,0,0,1,1,0,0,0,0,0,0,0,0,0,1,0,0,7
"run",4,1,4,1,3,4,1,1,1,1,0,0,0,1,0,0,0,1,1,0,25
"runs",7,1,5,0,2,2,0,0,1,0,0,0,0,1,0,2,0,0,0,0,16
"rushes",6,1,4,2,0,0,0,0,1,0,0,0,0,0,0,0,0,0,0,0,6
"s eve",3,0,4,0,0,4,0,0,0,0,0,0,1,1,0,0,0,0,0,0,5
"s gonna",0,1,2,0,1,5,0,0,1,0,1,1,0,1,0,0,0,1,0,0,2
"s house",50,0,0,0,1,1,0,2,0,0,0,0,0,0,0,0,0,0,1,0,1
"s parents",1,0,1,1,0,1,0,0,0,0,0,4,0,0,0,0,0,0,0,0,6
"said",0,2,6,1,5,5,2,0,6,0,1,2,0,0,0,0,0,1,1,2,39
"saturday",1,2,1,0,1,2,0,0,1,0,0,1,0,0,0,0,0,0,0,0,10
"save",3,0,3,0,1,3,1,0,0,1,0,0,0,0,0,0,0,0,0,0,22
"saw",3,1,4,0,2,7,0,0,0,0,1,2,0,0,0,0,0,2,1,0,6
"say",2,13,12,0,5,11,3,4,4,1,4,1,2,4,1,2,1,0,2,1,56
"saying",4,1,4,1,2,2,0,0,1,0,2,0,0,0,1,1,0,0,0,1,8
"says",3,0,8,1,9,5,1,0,0,1,0,0,0,0,0,1,0,0,0,1,13
"scene",7,1,2,0,0,1,0,0,1,0,0,0,0,0,0,0,0,0,0,0,4
"schnapps",1,0,0,0,2,1,0,0,2,0,1,0,0,8,0,0,0,0,0,0,6
"school",28,6,10,0,10,5,2,1,4,0,2,2,0,0,2,0,0,0,1,0,45
"screw",2,2,14,1,3,4,0,0,0,0,1,0,0,0,1,0,0,0,2,0,9
"seat",1,1,2,0,1,2,0,0,0,0,0,0,0,0,0,0,0,0,0,0,5
"second",7,2,10,0,2,2,1,0,1,0,0,1,0,1,0,0,0,1,0,0,15
"see",9,10,60,6,30,40,5,8,12,2,8,9,2,3,2,2,0,1,3,8,149
"see ya",0,0,1,0,3,0,0,0,3,0,1,0,0,1,0,0,0,0,1,1,6
"seem",2,1,3,2,2,1,0,0,0,0,0,1,0,0,0,0,0,0,0,0,9
"seems",3,0,1,0,0,1,0,0,0,1,0,0,0,0,0,0,2,0,0,1,11
"seen",8,4,11,0,2,7,1,0,0,1,0,0,1,3,0,0,0,2,0,0,20
"sees",4,0,3,1,0,1,2,0,0,0,0,0,0,0,0,0,0,0,0,1,8
"sent",1,2,0,0,1,2,1,0,0,0,0,0,0,0,0,1,0,1,0,0,3
"set",7,2,2,0,0,3,0,0,0,1,0,2,0,0,0,0,1,0,0,3,12
"sets",4,1,4,0,0,1,0,0,0,0,1,2,0,0,0,0,0,0,0,1,3
"settles",1,0,2,0,0,0,2,0,1,1,0,0,0,0,0,0,0,0,0,0,2
"several",9,1,2,1,1,0,0,0,0,0,0,0,0,1,0,0,2,0,0,1,8
"sex",0,1,1,0,3,0,0,0,0,0,0,1,0,0,1,0,0,0,0,0,25
"sexual",2,8,2,0,1,8,3,0,0,0,7,2,0,0,0,0,2,0,0,0,24
"sexual harassment",1,7,2,0,1,6,0,0,0,0,7,1,0,0,0,0,2,0,0,0,19
"sexual harassment panda",1,3,1,0,1,5,0,0,0,0,2,0,0,0,0,0,0,0,0,0,5
"sheet",1,0,2,0,1,2,1,0,0,0,0,1,0,0,0,0,0,0,0,0,5
"shelly",16,0,10,0,0,1,0,1,0,1,0,1,0,0,0,0,0,2,9,0,5
"ship",10,0,5,2,5,3,0,0,0,0,0,0,0,0,0,0,0,0,0,0,41
"shocked]",0,1,1,0,1,1,0,0,0,0,0,1,0,0,0,0,0,0,0,0,6
"shop",12,0,2,2,1,0,0,1,0,0,0,0,0,0,0,1,0,0,0,0,11
"shop class",2,0,1,2,1,0,0,0,0,0,0,0,0,0,0,1,0,0,0,0,9
"shot",5,0,5,0,1,1,0,0,1,0,1,0,2,1,0,0,1,0,0,2,9
"show",4,0,13,0,10,3,1,2,0,0,6,1,4,3,1,3,2,0,0,1,31
"shower",2,0,2,1,2,0,1,1,0,1,1,0,0,0,0,0,2,2,0,0,14
"showing",2,1,0,0,2,1,0,0,2,0,0,1,0,0,0,0,1,0,0,0,5
"shown",15,2,1,0,1,2,0,0,0,0,0,0,0,0,0,0,2,0,0,0,16
"shows",11,0,2,0,1,5,0,0,1,0,0,1,0,1,2,0,0,0,0,0,10
"shut",0,2,12,0,9,3,0,0,0,0,0,0,0,0,0,0,0,4,3,0,12
"sick",0,0,2,1,1,6,0,1,0,1,1,1,0,2,0,0,1,0,1,0,10
"side",19,0,8,3,0,5,0,1,0,1,0,1,0,8,1,1,2,0,0,0,16
"sign",12,1,2,0,0,0,1,1,0,0,0,5,0,0,0,0,0,0,0,1,11
"since",1,1,2,0,3,0,0,0,1,0,0,0,0,1,0,0,1,0,0,0,10
"sing",2,0,5,2,3,1,0,0,0,0,0,1,2,0,0,0,0,0,1,0,17
"singing",3,0,1,3,3,2,0,0,2,0,0,0,0,0,0,0,0,0,0,1,4
"sister",1,0,3,0,1,0,0,0,0,0,0,1,0,0,0,0,0,0,0,2,8
"sit",16,0,3,0,2,1,2,0,0,1,0,1,0,0,1,0,0,0,0,0,19
"sits",26,1,5,1,0,1,1,0,1,1,0,0,0,0,0,2,0,0,1,0,10
"six",2,1,2,0,0,1,0,0,0,0,0,0,0,0,0,0,0,1,0,0,6
"sled",1,0,1,1,4,8,0,0,0,0,0,0,0,0,0,0,0,0,0,0,8
"sleep",1,4,5,0,0,1,0,0,0,0,0,0,2,0,0,0,0,0,0,1,3
"sleeping",0,1,2,0,1,1,0,0,1,0,0,0,0,0,0,0,0,0,0,0,1
"slowly",2,4,1,1,0,1,0,0,0,0,0,0,0,1,0,0,0,0,0,0,2
"small",7,0,3,0,0,3,0,1,1,0,0,1,0,0,0,0,0,0,0,1,19
"smile",0,0,0,0,0,2,1,1,0,1,0,0,0,0,1,0,0,0,0,0,9
"snow",1,1,1,0,1,0,0,1,0,0,0,0,7,0,0,0,0,0,1,0,10
"sofa",20,0,3,2,0,0,0,0,0,0,0,0,0,0,0,0,0,1,1,0,6
"sofa]",3,0,3,0,0,0,0,0,0,1,0,1,0,0,0,0,0,1,3,0,1
"somebody",0,1,11,0,3,2,0,0,0,0,0,2,0,0,1,1,0,0,1,1,12
"someone",5,0,1,0,1,2,0,0,1,0,0,0,0,1,0,0,0,0,0,0,9
"something",8,2,16,1,10,23,3,0,2,2,5,3,3,1,4,1,1,0,0,1,31
"sometimes",0,1,2,0,1,1,0,0,0,0,0,0,0,1,0,0,0,0,0,0,13
"son",6,2,17,0,1,2,4,3,1,2,4,0,0,1,0,0,0,0,0,2,56
"son bitch",0,1,11,0,1,1,1,0,0,0,0,0,0,1,0,0,0,0,0,1,8
"song",11,5,6,1,3,2,0,0,2,0,0,2,1,0,0,0,0,1,2,0,25
"song]",1,0,1,0,1,0,0,0,1,0,0,0,0,0,0,0,0,0,1,0,2
"soon",5,2,6,0,7,4,0,0,0,2,0,0,0,1,1,1,0,1,0,2,15
"sorry",0,5,5,0,5,4,1,0,3,2,3,3,0,0,1,0,0,0,0,2,20
"sound",2,2,2,0,1,1,0,0,2,0,0,0,0,0,0,0,0,1,1,0,6
"sounds",2,0,4,2,0,1,0,2,2,1,0,0,0,2,0,0,0,0,0,1,9
"south",30,2,12,0,7,6,1,0,0,0,1,5,2,9,9,4,7,0,0,0,43
"south park",26,2,5,0,1,4,1,0,0,0,1,5,2,5,9,2,7,0,0,0,40
"south park elementary",5,1,0,0,1,0,0,0,0,0,1,0,0,0,2,0,1,0,0,0,4
"south park flag",1,0,0,0,0,0,0,0,0,0,0,3,0,3,2,2,0,0,0,0,1
"speak",1,1,2,0,1,1,0,0,0,1,0,0,0,0,1,0,0,0,1,0,8
"speaks]",3,0,2,1,0,1,0,0,0,0,0,2,0,0,0,0,1,0,0,0,2
"special",1,2,2,0,2,1,1,1,0,1,1,0,0,0,0,0,1,0,0,0,11
"spelling",2,0,2,0,0,0,0,0,0,2,0,0,0,2,1,0,0,0,0,0,1
"spelling bee",2,0,2,0,0,0,0,0,0,2,0,0,0,1,1,0,0,0,0,0,1
"stage",16,0,4,0,3,3,0,0,0,0,0,0,1,0,0,0,0,0,1,0,11
"stairs",1,0,3,1,1,2,0,0,2,0,0,0,0,0,0,0,1,0,0,0,3
"stan",102,2,37,5,26,13,3,6,17,0,2,9,0,0,0,7,0,0,0,8,60
"stan kyle",45,0,7,2,0,1,1,0,2,0,0,2,0,0,0,2,0,0,0,0,20
"stan]",3,0,2,1,6,0,0,0,3,0,1,0,0,0,0,1,0,0,0,2,6
"stand",18,1,3,0,4,6,0,0,1,0,0,2,0,0,1,0,0,0,1,0,14
"stands",17,1,2,0,1,2,1,0,2,0,0,0,0,1,1,0,0,0,1,0,16
"stares",0,0,0,0,0,0,0,0,1,0,1,0,0,1,0,1,0,0,1,0,7
"start",1,4,12,1,5,4,1,0,3,0,0,1,1,2,1,1,0,0,0,0,40
"started",0,0,3,0,2,4,0,1,1,0,0,0,0,1,0,0,1,0,0,0,7
"starting",1,0,0,0,1,2,0,0,0,1,0,0,2,1,0,0,0,1,0,1,1
"starts",6,2,11,1,1,2,2,1,1,0,0,3,0,0,0,0,1,1,2,1,32
"state",1,0,1,0,0,1,1,0,0,0,0,0,0,3,0,1,1,0,0,0,5
"states",1,0,1,0,1,0,0,0,0,0,0,1,0,0,0,0,2,0,0,0,7
"stay",2,1,4,0,3,5,1,1,0,0,0,1,0,0,0,1,0,0,1,1,32
"steps",6,0,4,1,1,2,0,1,0,0,0,0,2,0,1,0,1,0,0,0,13
"stick",1,1,3,3,1,0,0,0,0,0,0,0,0,0,0,0,0,0,0,1,8
"still",30,3,9,1,6,8,0,1,5,0,1,4,0,1,0,2,1,0,2,0,31
"stop",11,3,9,2,9,13,1,1,2,0,0,1,0,1,1,0,0,0,1,1,41
"stop]",1,0,1,0,0,1,1,1,0,0,0,0,0,0,1,0,0,0,0,0,1
"stops",2,2,7,1,0,2,1,1,1,0,2,1,0,0,0,2,1,0,0,0,19
"stops ]",0,2,1,0,0,0,0,0,1,0,0,1,0,0,0,1,0,0,0,0,1
"stops]",1,1,1,0,4,1,0,0,1,0,0,0,0,0,0,0,0,0,0,0,4
"store",4,0,5,0,0,1,0,0,3,2,1,1,0,0,0,0,0,0,0,0,6
"story",1,1,1,0,0,0,0,1,0,0,0,0,0,1,0,0,0,0,0,0,5
"straight",0,1,3,0,0,1,1,0,0,0,1,0,0,0,0,0,0,0,0,0,3
"stuart",8,0,1,3,0,0,0,0,1,0,0,0,0,1,0,0,0,0,0,0,6
"study",1,1,2,0,1,2,0,0,2,0,0,0,0,0,0,0,0,0,0,0,3
"stuff",2,0,7,0,7,9,0,1,2,0,1,0,0,0,0,0,0,0,1,0,17
"stupid",0,1,19,2,16,8,1,2,1,0,0,0,0,1,1,1,0,3,1,1,16
"succubus",0,3,4,1,5,2,0,0,0,0,0,0,0,0,0,0,0,0,0,0,6
"suck",0,2,8,0,7,11,0,0,0,0,0,0,0,0,0,1,0,0,0,0,4
"sucks",0,1,5,0,7,3,0,3,1,0,0,0,0,1,0,0,0,0,0,0,7
"suddenly",0,2,0,0,1,0,0,0,2,0,0,0,1,1,0,0,0,0,0,0,3
"support",0,1,0,0,0,1,0,0,1,0,0,1,0,1,0,0,0,0,0,0,6
"supposed",0,1,7,0,6,2,1,1,1,0,0,0,0,1,2,0,0,0,0,2,9
"sure",2,8,16,2,6,8,7,1,8,2,4,1,3,3,0,1,2,1,1,11,57
"sure can",0,2,0,1,1,3,0,1,0,0,0,0,0,0,0,0,0,0,0,0,1
"surprised",0,0,1,0,0,0,1,0,0,0,0,1,0,0,0,1,0,0,0,1,1
"sweet",1,0,19,0,8,4,0,0,0,0,0,1,1,0,0,0,0,0,0,3,6
"switch",2,0,0,1,0,0,1,0,0,1,0,0,0,1,0,1,0,0,0,0,0
"table",14,0,1,3,0,0,0,1,1,0,0,0,0,0,0,0,0,0,0,0,8
"table]",4,1,0,1,0,1,0,0,0,1,0,0,0,0,0,0,0,0,0,0,4
"take",6,5,33,5,10,18,3,2,1,1,1,0,0,6,3,0,1,1,2,1,65
"taken",4,0,2,0,1,1,1,0,1,0,0,0,0,1,0,0,0,0,0,0,8
"takes",11,0,9,4,1,5,1,1,1,0,0,1,1,1,3,0,1,2,0,0,29
"taking",2,1,0,0,3,5,0,0,1,0,0,1,0,0,0,0,1,0,0,0,1
"talk",4,4,7,1,5,6,2,1,1,0,5,0,2,2,1,1,0,0,0,0,13
"talkin",0,1,2,0,1,0,1,0,0,0,1,1,0,0,0,0,0,0,0,0,2
"talking",13,2,0,0,6,3,1,2,2,0,0,0,0,0,0,0,0,0,0,0,10
"tape",0,0,5,5,0,3,0,0,0,1,0,2,0,1,0,0,0,0,0,1,5
"teach",0,4,1,0,0,5,0,0,1,0,0,0,0,1,0,0,0,0,0,0,5
"teacher",5,3,1,0,0,1,2,0,0,0,0,0,0,0,0,0,0,0,0,0,4
"team",3,0,3,0,0,0,0,0,0,0,0,0,0,1,0,0,1,0,0,4,14
"tell",0,7,18,0,7,11,1,3,5,1,4,5,1,3,3,1,0,0,0,6,44
"tell us",0,0,0,0,0,1,0,0,1,0,1,0,0,0,1,0,0,0,0,1,6
"telling",2,1,2,1,0,0,0,0,0,0,0,1,0,1,0,0,0,0,0,0,7
"tells",1,1,0,0,0,0,0,0,0,1,1,0,0,0,0,0,1,0,0,0,1
"ten",1,0,5,1,1,3,0,0,1,0,0,1,0,0,0,0,0,0,0,0,4
"thank",0,3,19,2,0,4,0,0,1,2,2,1,2,0,0,1,0,0,0,0,36
"thanks",0,0,7,1,10,8,0,0,1,0,0,2,0,1,0,1,0,1,2,0,17
"thing",1,3,11,0,9,12,2,1,4,1,1,4,1,4,0,0,0,0,0,1,34
"things",2,5,2,0,3,2,0,3,2,0,2,4,0,1,0,1,2,0,0,0,21
"think",0,12,27,4,33,29,9,3,8,3,5,10,6,6,4,1,2,3,1,5,89
"think can",0,0,1,0,2,1,0,0,0,0,0,1,0,1,0,0,0,0,0,0,5
"thinking",0,0,4,0,2,4,0,0,0,0,1,1,0,0,0,0,0,0,0,0,5
"thought",0,2,5,0,1,2,0,1,3,0,2,2,1,1,0,1,0,1,1,2,7
"three",23,1,7,1,4,14,0,0,0,0,0,2,0,0,2,1,2,4,0,1,20
"throws",2,0,1,1,1,2,0,0,1,0,0,1,0,0,0,0,0,0,1,0,6
"time",32,4,25,0,11,20,5,4,6,3,1,4,1,3,3,1,1,2,1,2,68
"times",2,2,5,2,2,2,0,0,1,0,0,1,0,1,0,1,0,0,1,0,7
"timmy",6,8,1,0,8,15,2,0,0,0,0,0,0,0,0,0,0,0,12,0,29
"tired",0,0,5,0,0,1,1,1,0,0,1,0,0,0,0,0,0,0,0,0,3
"today",1,7,3,0,5,6,0,1,0,1,1,0,0,2,1,0,0,1,0,0,19
"together",0,1,11,0,3,0,1,0,0,0,0,1,1,0,0,0,0,1,1,0,15
"told",0,0,9,0,4,5,0,1,2,1,0,2,0,0,0,0,0,1,1,2,18
"tomorrow",0,0,7,0,4,9,0,0,1,2,0,0,2,2,0,1,2,1,1,0,32
"tongue",0,0,1,0,1,0,0,0,0,0,0,0,1,0,0,1,0,1,0,0,1
"tonight",2,2,1,0,2,2,0,0,0,1,1,0,5,0,0,0,0,0,0,0,14
"took",2,0,1,1,1,6,0,0,2,0,0,1,0,0,0,0,0,0,0,0,5
"tooth",3,0,19,1,4,11,0,0,0,4,0,0,0,0,0,0,0,0,0,3,24
"tooth fairy",3,0,13,0,3,2,0,0,0,3,0,0,0,0,0,0,0,0,0,1,8
"top",4,1,3,0,0,1,0,0,0,0,0,0,0,0,0,0,0,0,1,0,9
"topeka",0,1,3,0,0,0,0,0,1,0,0,0,0,3,0,0,1,0,0,1,1
"totally",0,3,14,1,4,5,0,0,0,0,0,0,0,0,0,1,1,0,0,0,8
"tour",1,1,0,0,0,1,1,0,0,0,1,0,0,0,0,0,0,0,0,0,6
"towards",13,2,10,0,0,3,0,0,0,2,1,0,1,0,0,0,0,1,0,1,25
"town",15,1,4,1,1,3,0,2,2,0,0,6,0,0,1,0,3,0,0,0,13
"toy",1,0,8,0,0,2,0,0,3,0,0,0,0,0,1,0,0,0,0,0,9
"tree",7,0,1,1,1,1,0,0,1,0,0,0,0,0,0,0,0,0,0,0,16
"trick",0,0,2,0,0,1,0,1,0,0,0,0,0,1,0,0,0,1,0,0,5
"tried",0,0,0,1,2,3,0,1,1,0,1,0,0,0,0,0,2,0,0,0,9
"tries",9,0,2,1,0,1,1,0,0,0,0,0,0,1,0,0,0,0,0,0,9
"true",0,2,2,0,1,0,0,0,1,0,0,1,0,0,0,0,0,0,0,0,8
"try",2,7,9,1,10,26,0,0,3,1,1,0,0,1,1,0,0,1,2,0,23
"trying",4,2,5,0,1,2,0,0,0,0,0,0,0,1,0,0,1,0,1,0,17
"turn",1,1,4,1,6,5,0,2,1,1,0,3,0,1,1,1,0,0,0,1,28
"turns",5,2,10,0,3,4,1,1,3,2,2,0,0,0,0,1,0,0,0,0,29
"tweek",19,0,13,0,12,15,0,0,0,0,1,1,0,7,0,0,0,0,0,0,10
"tweek craig",1,0,3,0,1,3,0,0,0,0,1,0,0,0,0,0,0,0,0,0,2
"twelve",1,0,1,0,0,0,0,0,0,1,0,0,0,0,1,0,0,1,0,0,1
"two",38,2,22,2,8,7,3,0,3,3,2,2,0,2,5,0,0,1,1,3,80
"uh-",0,1,2,0,2,2,2,0,0,0,0,0,0,0,0,1,0,0,0,2,5
"uh-oh",0,0,2,1,0,2,0,0,1,0,0,1,0,0,0,0,0,0,0,0,1
"uh oh",0,2,1,1,0,1,1,0,0,0,0,1,0,0,0,0,0,0,0,1,5
"understand",0,1,3,1,1,3,2,0,1,0,2,0,0,2,2,0,0,0,0,1,16
"united",1,0,1,0,1,0,0,0,0,0,0,0,0,0,0,0,1,0,1,0,6
"upstairs",2,1,0,0,1,2,0,1,1,0,0,0,0,0,0,0,0,0,0,4,3
"use",0,0,8,1,5,5,0,0,0,1,0,1,0,0,0,0,0,0,0,0,16
"used",2,0,1,1,0,3,0,0,1,0,0,0,0,1,0,0,0,0,0,0,3
"uuh",0,0,3,0,1,2,0,0,0,0,0,2,0,0,0,0,0,0,0,1,4
"vegas",2,1,3,0,0,0,0,1,1,0,0,0,1,0,0,0,0,0,0,0,4
"veronica",4,0,1,0,1,2,0,0,0,0,0,9,0,0,0,0,0,0,0,0,1
"victoria",3,1,0,0,0,0,1,0,1,0,2,0,0,0,0,0,0,0,0,0,2
"video",3,0,3,0,0,5,0,2,0,0,0,0,0,0,0,0,1,0,0,1,3
"view",1,2,4,0,1,0,2,0,0,0,0,0,0,1,0,0,1,0,0,0,1
"voice",2,0,3,1,0,2,0,0,1,0,0,0,0,5,0,1,0,0,0,0,11
"wait",6,3,15,2,14,12,0,2,3,2,3,1,0,0,1,1,1,0,0,1,14
"wait minute",1,1,3,0,1,3,0,2,0,0,0,1,0,0,0,0,0,0,0,0,2
"waiting",6,0,2,1,0,2,1,0,0,0,0,0,0,0,0,0,0,0,0,0,2
"walk",11,2,10,1,6,12,0,2,4,0,0,1,0,0,0,0,0,1,0,0,33
"walk away",3,0,3,0,0,3,0,0,1,0,0,1,0,0,0,0,0,0,0,0,2
"walk away]",0,0,3,0,3,3,0,1,1,0,0,0,0,0,0,0,0,0,0,0,3
"walking",2,0,3,0,0,2,0,0,1,0,0,1,0,0,0,0,0,0,2,0,3
"walks",31,6,26,1,9,11,0,6,6,2,4,3,1,2,3,1,1,0,1,1,57
"walks ]",4,1,6,0,2,6,0,0,1,1,2,0,0,1,1,0,0,0,0,1,9
"walks away",1,1,2,1,1,3,0,0,2,0,0,1,1,0,0,1,0,0,1,0,7
"wall",2,0,4,0,2,1,1,0,0,0,0,0,0,0,1,0,0,0,0,0,5
"wanna",0,6,21,5,14,16,2,0,3,0,0,2,0,1,1,0,0,0,0,2,31
"wanna go",0,0,2,0,5,3,0,0,1,0,0,1,0,0,0,0,0,0,0,0,5
"want",0,7,21,1,13,14,2,1,5,1,1,4,4,6,1,1,0,0,2,2,82
"wanted",0,1,2,0,1,6,1,0,1,0,2,0,0,1,0,0,0,0,1,0,11
"wants",0,0,3,0,3,5,0,0,0,1,0,1,0,1,1,1,0,0,0,0,17
"war",1,0,5,0,3,3,0,0,0,0,0,0,0,5,0,0,0,0,0,0,2
"watch",8,1,11,1,5,4,0,3,4,0,0,3,0,0,0,1,1,1,0,1,17
"watches",2,0,2,1,1,1,0,0,1,0,0,0,0,0,0,0,0,0,0,1,3
"watching",8,1,2,0,0,1,0,1,1,0,0,0,0,0,0,1,0,1,0,0,6
"water",7,0,1,2,1,1,0,0,0,0,0,0,0,0,0,1,0,0,0,0,7
"way",7,2,28,3,9,15,1,0,5,1,0,1,2,4,1,1,1,1,0,6,60
"way]",1,0,3,0,0,2,0,1,0,0,0,1,0,0,0,0,0,0,0,0,4
"wear",1,1,3,0,0,0,0,1,1,0,0,0,0,0,0,0,0,0,0,0,5
"wearing",5,0,2,0,1,0,0,0,1,0,0,1,0,1,0,0,0,0,0,0,7
"week",1,0,2,0,0,0,1,0,0,1,0,2,0,0,2,0,0,1,0,0,13
"welcome",5,2,2,0,0,0,1,0,0,0,0,1,0,0,3,0,0,0,0,0,18
"well",3,25,69,4,28,36,17,8,27,5,17,17,7,15,3,0,3,4,3,22,245
"well guess",0,2,3,0,0,2,1,0,1,0,0,0,0,1,0,0,0,0,0,0,8
"well just",0,1,3,0,1,2,0,0,1,0,0,0,0,0,0,0,0,0,1,1,7
"well maybe",0,1,1,0,1,0,1,0,1,0,0,0,0,0,0,0,0,1,0,0,1
"well sure",0,1,1,0,0,0,1,0,1,0,0,1,0,0,0,0,0,0,0,2,3
"well think",0,1,1,0,0,0,0,1,1,0,1,1,0,2,0,0,0,0,0,0,8
"well uh",0,0,0,0,0,1,0,0,2,0,1,1,0,1,0,0,0,0,0,2,8
"wendy",10,4,5,0,3,2,0,0,0,0,0,1,0,0,0,3,0,0,0,1,14
"went",0,2,1,0,1,2,0,0,0,0,0,1,0,0,0,0,0,1,0,0,13
"whatever",0,2,3,0,1,4,0,0,0,0,1,1,1,1,1,0,1,0,0,0,1
"white",6,2,4,0,0,1,0,1,0,0,0,3,0,0,3,0,0,0,0,1,42
"whoa",0,0,4,0,5,8,0,0,2,0,0,3,0,1,0,0,0,0,1,1,12
"whole",1,0,4,0,2,5,0,0,1,0,0,4,0,1,0,1,2,0,0,1,8
"will",2,3,31,0,10,9,5,1,3,1,0,4,2,1,7,3,4,1,1,2,116
"win",0,0,10,2,6,5,0,0,0,2,1,0,1,3,1,1,0,0,0,0,10
"window",12,0,3,0,1,5,0,2,1,0,0,0,0,1,0,0,1,0,0,0,13
"without",3,1,4,1,3,2,0,0,4,0,0,1,0,1,0,0,0,0,0,1,10
"woman",5,4,1,1,4,1,0,2,1,0,0,3,0,0,1,0,0,0,0,0,20
"women",2,7,3,0,1,1,0,0,5,0,0,1,0,0,0,0,0,0,0,1,9
"won",0,0,2,0,2,1,1,0,0,0,0,0,0,1,0,0,0,0,0,0,8
"wonderful",0,1,3,0,0,0,0,0,0,0,1,1,0,0,1,0,0,0,0,0,11
"word",0,0,5,0,4,3,0,1,0,0,0,0,0,0,6,0,0,0,0,0,11
"words",1,4,5,1,0,0,0,0,0,0,0,0,0,0,0,0,1,1,0,0,6
"work",1,3,4,0,1,5,0,1,2,1,0,1,0,0,1,0,0,1,0,0,17
"working",1,1,2,0,0,5,0,0,0,0,0,1,0,0,1,0,0,0,0,0,2
"world",1,3,4,0,5,3,0,1,3,0,0,0,2,3,0,0,3,3,0,0,29
"worried",1,1,1,0,1,2,1,0,0,1,0,0,0,0,1,0,0,0,0,0,2
"worry",0,0,1,0,6,3,1,0,1,0,1,0,0,0,0,0,0,0,0,0,17
"worse",0,0,1,0,1,3,0,1,0,0,0,2,0,0,0,0,0,0,0,0,3
"wow",0,2,11,0,8,10,0,1,5,0,2,0,0,1,0,0,0,2,0,0,31
"wrong",0,2,7,0,5,6,0,1,1,0,0,3,0,0,0,1,0,1,0,0,18
"yeah",0,10,58,14,72,62,5,1,20,0,11,7,1,9,1,5,0,0,5,5,176
"yeah [",0,0,2,1,2,2,0,0,0,0,1,0,0,0,0,1,0,0,1,0,12
"yeah know",0,0,2,0,3,3,0,0,0,0,1,0,0,1,0,0,0,0,0,0,1
"yeah sure",0,0,1,1,0,1,0,0,1,0,1,0,0,0,0,0,0,0,0,0,2
"yeah well",0,0,5,0,0,2,0,0,3,0,2,1,0,1,0,0,0,0,0,0,5
"yeah yeah",0,2,4,0,3,0,1,0,3,0,0,0,0,1,0,0,0,0,0,0,32
"year",4,3,9,0,3,8,0,0,2,1,0,1,5,5,1,0,0,0,1,0,18
"year s",3,0,4,0,0,6,0,0,0,0,0,0,4,3,0,0,0,0,1,0,8
"year s eve",3,0,4,0,0,4,0,0,0,0,0,0,1,1,0,0,0,0,0,0,5
"years",0,2,4,0,1,2,0,0,0,0,0,3,1,3,0,0,0,0,0,0,19
"yes",0,8,45,4,7,7,6,3,2,5,3,3,0,0,5,0,3,0,1,0,89
"yes yes",0,0,5,0,1,0,0,0,1,0,0,1,0,0,1,0,0,0,0,0,8
"yet",2,1,6,1,4,3,0,1,0,0,0,0,0,0,0,0,1,0,0,0,8
"young",0,2,3,0,0,0,6,0,2,0,1,0,0,0,0,0,0,1,0,0,19
"zooms",4,0,3,1,1,1,0,0,0,0,0,0,0,0,0,0,0,0,0,0,9
